DataFile,Compression,Encoding,Insert Time,Select Time
data_89.csv,NONE,PLAIN,0.2225269556045532,0.6818390846252441
data_89.csv,NONE,HUFFMAN,2.379418873786926,0.7242052316665649
data_89.csv,NONE,RLE,0.1936024665832519,0.6993769407272339
data_89.csv,NONE,DICTIONARY,0.1309720993041992,0.6710695266723633
data_89.csv,GZIP,PLAIN,0.4149350643157959,0.6978160381317139
data_89.csv,GZIP,HUFFMAN,2.636405515670776,0.7259602308273315
data_89.csv,GZIP,RLE,0.4820602416992187,0.701245927810669
data_89.csv,GZIP,DICTIONARY,0.3513859272003173,0.690697431564331
data_89.csv,LZ4,PLAIN,0.1156238794326782,0.6777268648147583
data_89.csv,LZ4,HUFFMAN,2.230748724937439,0.710773229598999
data_89.csv,LZ4,RLE,0.1630959272384643,0.6989484548568725
data_89.csv,LZ4,DICTIONARY,0.1015757083892822,0.6685142278671264
data_89.csv,SNAPPY,PLAIN,0.127768063545227,0.667294192314148
data_89.csv,SNAPPY,HUFFMAN,2.243860149383545,0.7326759099960327
data_89.csv,SNAPPY,RLE,0.1905381202697754,0.6883042812347412
data_89.csv,SNAPPY,DICTIONARY,0.1277578592300415,0.7035743474960328
data_28.csv,NONE,PLAIN,0.0985505104064941,0.2712285995483398
data_28.csv,NONE,HUFFMAN,0.0910473346710205,0.2418885707855224
data_28.csv,NONE,RLE,0.0696716070175171,0.2477908849716186
data_28.csv,NONE,DICTIONARY,0.0650074481964111,0.2591269016265869
data_28.csv,GZIP,PLAIN,0.0792242765426635,0.2577444791793823
data_28.csv,GZIP,HUFFMAN,0.0680929899215698,0.2490726470947265
data_28.csv,GZIP,RLE,0.0796219825744628,0.2500428199768066
data_28.csv,GZIP,DICTIONARY,0.0510924339294433,0.250040602684021
data_28.csv,LZ4,PLAIN,0.0450112104415893,0.2422068119049072
data_28.csv,LZ4,HUFFMAN,0.0698122978210449,0.2528038740158081
data_28.csv,LZ4,RLE,0.043066930770874,0.2428240537643432
data_28.csv,LZ4,DICTIONARY,0.0478744268417358,0.2428253650665283
data_28.csv,SNAPPY,PLAIN,0.0498750925064086,0.2470980167388916
data_28.csv,SNAPPY,HUFFMAN,0.0659055948257446,0.2609558820724487
data_28.csv,SNAPPY,RLE,0.0437557935714721,0.2661998748779297
data_28.csv,SNAPPY,DICTIONARY,0.0394650220870971,0.2573282957077026
data_98.csv,NONE,PLAIN,0.0813245058059692,0.5938315629959107
data_98.csv,NONE,HUFFMAN,2.0514063835144043,0.6418051481246948
data_98.csv,NONE,RLE,0.1342191457748413,0.5989782333374023
data_98.csv,NONE,DICTIONARY,0.0960936307907104,0.5772058010101319
data_98.csv,GZIP,PLAIN,0.2659226179122925,0.5906442403793335
data_98.csv,GZIP,HUFFMAN,1.9142053604125977,0.6145649671554565
data_98.csv,GZIP,RLE,0.4109805107116699,0.591821265220642
data_98.csv,GZIP,DICTIONARY,0.2712983608245849,0.5943349123001098
data_98.csv,LZ4,PLAIN,0.0642346382141113,0.5805319547653198
data_98.csv,LZ4,HUFFMAN,2.00072762966156,0.6399537563323975
data_98.csv,LZ4,RLE,0.1415176630020141,0.5791415691375732
data_98.csv,LZ4,DICTIONARY,0.075736665725708,0.5986141681671142
data_98.csv,SNAPPY,PLAIN,0.077347993850708,0.5739618539810181
data_98.csv,SNAPPY,HUFFMAN,2.0348440170288087,0.6005776643753051
data_98.csv,SNAPPY,RLE,0.1371200561523437,0.5945584535598755
data_98.csv,SNAPPY,DICTIONARY,0.0844761371612548,0.5967036008834838
data_35.csv,NONE,PLAIN,0.0365514278411865,0.2785771131515503
data_35.csv,NONE,HUFFMAN,0.1346665620803833,0.2776011943817139
data_35.csv,NONE,RLE,0.0520349264144897,0.2662176609039307
data_35.csv,NONE,DICTIONARY,0.0425154447555542,0.273948073387146
data_35.csv,GZIP,PLAIN,0.0512347698211669,0.2638414859771728
data_35.csv,GZIP,HUFFMAN,0.1437156200408935,0.2700194597244262
data_35.csv,GZIP,RLE,0.078504729270935,0.2646193504333496
data_35.csv,GZIP,DICTIONARY,0.0495601177215576,0.277935242652893
data_35.csv,LZ4,PLAIN,0.0402271270751953,0.2659711599349975
data_35.csv,LZ4,HUFFMAN,0.1194911956787109,0.2669140338897705
data_35.csv,LZ4,RLE,0.0481262683868408,0.2752427339553833
data_35.csv,LZ4,DICTIONARY,0.0415142774581909,0.2830302238464355
data_35.csv,SNAPPY,PLAIN,0.0371846675872802,0.2657315254211426
data_35.csv,SNAPPY,HUFFMAN,0.1227896213531494,0.2706303834915161
data_35.csv,SNAPPY,RLE,0.0484511852264404,0.2821079015731811
data_35.csv,SNAPPY,DICTIONARY,0.0442151546478271,0.2685744047164917
data_52.csv,NONE,PLAIN,0.1079023599624633,0.6460150718688965
data_52.csv,NONE,HUFFMAN,2.195795464515686,0.680658221244812
data_52.csv,NONE,RLE,0.1427018880844116,0.653112816810608
data_52.csv,NONE,DICTIONARY,0.1070608377456665,0.6530692100524902
data_52.csv,GZIP,PLAIN,0.275884222984314,0.6558025360107422
data_52.csv,GZIP,HUFFMAN,2.3304458379745485,0.6844565391540527
data_52.csv,GZIP,RLE,0.4489622831344604,0.6687740325927735
data_52.csv,GZIP,DICTIONARY,0.2765570402145386,0.6533043622970581
data_52.csv,LZ4,PLAIN,0.0671996593475341,0.6402454376220703
data_52.csv,LZ4,HUFFMAN,2.1378061294555666,0.670331072807312
data_52.csv,LZ4,RLE,0.1343833923339843,0.6672113180160523
data_52.csv,LZ4,DICTIONARY,0.079317569732666,0.6350959062576294
data_52.csv,SNAPPY,PLAIN,0.0873539447784423,0.6597741603851318
data_52.csv,SNAPPY,HUFFMAN,2.203483819961548,0.6727275609970093
data_52.csv,SNAPPY,RLE,0.1708781003952026,0.6451077461242676
data_52.csv,SNAPPY,DICTIONARY,0.0831819772720336,0.6334900379180908
data_19.csv,NONE,PLAIN,0.0489001274108886,0.249006986618042
data_19.csv,NONE,HUFFMAN,0.0656288385391235,0.240385627746582
data_19.csv,NONE,RLE,0.0425781726837158,0.2421821594238281
data_19.csv,NONE,DICTIONARY,0.0447022199630737,0.7976490736007691
data_19.csv,GZIP,PLAIN,0.0580506086349487,0.7462965726852417
data_19.csv,GZIP,HUFFMAN,0.0728106498718261,0.2313895225524902
data_19.csv,GZIP,RLE,0.0727865695953369,0.2340500116348266
data_19.csv,GZIP,DICTIONARY,0.0504714488983154,0.3009137392044067
data_19.csv,LZ4,PLAIN,0.0486722707748413,0.2801596403121948
data_19.csv,LZ4,HUFFMAN,0.0719470262527465,0.2392961502075195
data_19.csv,LZ4,RLE,0.0421372652053833,0.2574084520339966
data_19.csv,LZ4,DICTIONARY,0.0390573024749755,0.2442872285842895
data_19.csv,SNAPPY,PLAIN,0.0490079402923584,0.2502397775650024
data_19.csv,SNAPPY,HUFFMAN,0.0717841386795044,0.2480010032653808
data_19.csv,SNAPPY,RLE,0.0448411226272583,0.2455444097518921
data_19.csv,SNAPPY,DICTIONARY,0.0415035009384155,0.2380829334259033
data_127.csv,NONE,PLAIN,0.1116814136505126,0.651370358467102
data_127.csv,NONE,HUFFMAN,2.2092941045761108,0.6644748687744141
data_127.csv,NONE,RLE,0.2021253824234009,0.6492533445358276
data_127.csv,NONE,DICTIONARY,0.0916121006011962,0.6354425191879273
data_127.csv,GZIP,PLAIN,0.305996823310852,0.6350448369979859
data_127.csv,GZIP,HUFFMAN,2.419085073471069,0.6769757509231568
data_127.csv,GZIP,RLE,0.4491265058517456,0.6750679016113281
data_127.csv,GZIP,DICTIONARY,0.2890290737152099,0.6379682302474976
data_127.csv,LZ4,PLAIN,0.073735499382019,0.6332531213760376
data_127.csv,LZ4,HUFFMAN,2.14766206741333,0.6801909685134888
data_127.csv,LZ4,RLE,0.1309836626052856,0.6487709522247315
data_127.csv,LZ4,DICTIONARY,0.0715053081512451,0.6329807043075562
data_127.csv,SNAPPY,PLAIN,0.0855631351470947,0.6430867433547973
data_127.csv,SNAPPY,HUFFMAN,1.9943443775177,0.6785240173339844
data_127.csv,SNAPPY,RLE,0.1556037902832031,0.6582372188568115
data_127.csv,SNAPPY,DICTIONARY,0.0793136596679687,0.623109769821167
data_138.csv,NONE,PLAIN,0.1160955190658569,0.6507409811019897
data_138.csv,NONE,HUFFMAN,2.360069751739502,0.7039249897003174
data_138.csv,NONE,RLE,0.1967552185058593,0.6827482223510742
data_138.csv,NONE,DICTIONARY,0.0988463163375854,0.6795141696929932
data_138.csv,GZIP,PLAIN,0.3100801706314087,0.6840514421463013
data_138.csv,GZIP,HUFFMAN,2.545767140388489,0.7086443901062012
data_138.csv,GZIP,RLE,0.4325215816497803,0.7083762645721435
data_138.csv,GZIP,DICTIONARY,0.2873407125473022,0.7035153388977051
data_138.csv,LZ4,PLAIN,0.0916535139083862,0.6798340559005738
data_138.csv,LZ4,HUFFMAN,1.9101784229278564,0.6990554571151734
data_138.csv,LZ4,RLE,0.1430545806884765,0.7054625272750854
data_138.csv,LZ4,DICTIONARY,0.0684919118881225,0.6895881652832031
data_138.csv,SNAPPY,PLAIN,0.0793164491653442,0.6662157058715821
data_138.csv,SNAPPY,HUFFMAN,2.1655640840530395,0.6937952756881713
data_138.csv,SNAPPY,RLE,0.1635726690292358,0.6761444807052612
data_138.csv,SNAPPY,DICTIONARY,0.0823178768157959,0.696848726272583
data_105.csv,NONE,PLAIN,0.0875662088394165,0.5439938068389892
data_105.csv,NONE,HUFFMAN,1.866629958152771,0.597907018661499
data_105.csv,NONE,RLE,0.1381152868270874,0.5951865196228028
data_105.csv,NONE,DICTIONARY,0.080338454246521,0.582723593711853
data_105.csv,GZIP,PLAIN,0.2863539457321167,0.589092755317688
data_105.csv,GZIP,HUFFMAN,2.116947317123413,0.6027316570281982
data_105.csv,GZIP,RLE,0.420236611366272,0.6040258884429932
data_105.csv,GZIP,DICTIONARY,0.2721799850463867,0.5936720848083497
data_105.csv,LZ4,PLAIN,0.0824113607406616,0.5669139146804809
data_105.csv,LZ4,HUFFMAN,2.0228702545166017,0.5749470233917237
data_105.csv,LZ4,RLE,0.1343343496322631,0.5715642452239991
data_105.csv,LZ4,DICTIONARY,0.074945330619812,0.562010383605957
data_105.csv,SNAPPY,PLAIN,0.0887671470642089,0.559867000579834
data_105.csv,SNAPPY,HUFFMAN,1.8960323333740237,0.589287257194519
data_105.csv,SNAPPY,RLE,0.1498815059661865,0.5761872291564941
data_105.csv,SNAPPY,DICTIONARY,0.0804770469665527,0.5500541210174561
data_42.csv,NONE,PLAIN,0.0842578887939453,0.5697014570236206
data_42.csv,NONE,HUFFMAN,1.959196352958679,0.582987117767334
data_42.csv,NONE,RLE,0.1509577751159668,0.5731275796890258
data_42.csv,NONE,DICTIONARY,0.0945879697799682,0.5616046190261841
data_42.csv,GZIP,PLAIN,0.260307765007019,0.5628453969955445
data_42.csv,GZIP,HUFFMAN,2.123981118202209,0.5888956308364868
data_42.csv,GZIP,RLE,0.4164496421813964,0.612952995300293
data_42.csv,GZIP,DICTIONARY,0.2753470182418823,0.5930079460144043
data_42.csv,LZ4,PLAIN,0.066310167312622,0.5919401407241821
data_42.csv,LZ4,HUFFMAN,1.8265869140625,0.5800357341766358
data_42.csv,LZ4,RLE,0.1344297647476196,0.572321891784668
data_42.csv,LZ4,DICTIONARY,0.0816139221191406,0.5579843282699585
data_42.csv,SNAPPY,PLAIN,0.0777657985687255,0.5805943012237549
data_42.csv,SNAPPY,HUFFMAN,1.9772834777832031,0.6051415920257568
data_42.csv,SNAPPY,RLE,0.1498677968978881,0.5872076272964477
data_42.csv,SNAPPY,DICTIONARY,0.0953092575073242,0.5637818574905396
data_134.csv,NONE,PLAIN,0.1107363939285278,0.6379382848739624
data_134.csv,NONE,HUFFMAN,2.073177146911621,0.6808937788009644
data_134.csv,NONE,RLE,0.1468845605850219,0.6604498386383056
data_134.csv,NONE,DICTIONARY,0.0953296184539795,0.6368937492370605
data_134.csv,GZIP,PLAIN,0.2855311632156372,0.6644053220748901
data_134.csv,GZIP,HUFFMAN,2.1936110496520995,0.6729180812835693
data_134.csv,GZIP,RLE,0.4440022468566894,0.658134651184082
data_134.csv,GZIP,DICTIONARY,0.2958948612213135,0.6579231977462768
data_134.csv,LZ4,PLAIN,0.0711046457290649,0.634687066078186
data_134.csv,LZ4,HUFFMAN,2.0675281286239624,0.6722087144851685
data_134.csv,LZ4,RLE,0.1349296808242797,0.6658421754837036
data_134.csv,LZ4,DICTIONARY,0.0711369752883911,0.6617554903030396
data_134.csv,SNAPPY,PLAIN,0.1023751974105835,0.6441548585891723
data_134.csv,SNAPPY,HUFFMAN,2.128217816352844,0.6816914558410645
data_134.csv,SNAPPY,RLE,0.1436277389526367,0.6642984628677369
data_134.csv,SNAPPY,DICTIONARY,0.0778319358825683,0.6342263460159302
data_81.csv,NONE,PLAIN,0.098619532585144,0.6307916879653931
data_81.csv,NONE,HUFFMAN,2.121125769615173,0.6799345254898072
data_81.csv,NONE,RLE,0.1399406433105468,0.6538951635360718
data_81.csv,NONE,DICTIONARY,0.0913808822631836,0.6372354745864868
data_81.csv,GZIP,PLAIN,0.2631510972976684,0.654746127128601
data_81.csv,GZIP,HUFFMAN,2.1902629375457763,0.6692436218261719
data_81.csv,GZIP,RLE,0.4005088806152344,0.6676258325576783
data_81.csv,GZIP,DICTIONARY,0.2620584487915039,0.6561226129531861
data_81.csv,LZ4,PLAIN,0.0754830837249755,0.6439959049224854
data_81.csv,LZ4,HUFFMAN,1.9563416957855224,0.6721566200256348
data_81.csv,LZ4,RLE,0.1322611570358276,0.6700186014175415
data_81.csv,LZ4,DICTIONARY,0.0721983194351196,0.6414378166198731
data_81.csv,SNAPPY,PLAIN,0.1026379108428955,0.6415587663650513
data_81.csv,SNAPPY,HUFFMAN,2.1886021375656126,0.7182651042938233
data_81.csv,SNAPPY,RLE,0.1706366062164306,0.672385311126709
data_81.csv,SNAPPY,DICTIONARY,0.0792431592941284,0.635844612121582
data_131.csv,NONE,PLAIN,0.0917839765548706,0.6267461776733398
data_131.csv,NONE,HUFFMAN,2.0531041860580443,0.6681463479995727
data_131.csv,NONE,RLE,0.1473187685012817,0.6533805370330811
data_131.csv,NONE,DICTIONARY,0.0884738445281982,0.6219699144363403
data_131.csv,GZIP,PLAIN,0.2509010314941406,0.6452265024185181
data_131.csv,GZIP,HUFFMAN,2.162078523635864,0.6955978393554687
data_131.csv,GZIP,RLE,0.4147527933120727,0.683480978012085
data_131.csv,GZIP,DICTIONARY,0.2898351669311523,0.6580847263336181
data_131.csv,LZ4,PLAIN,0.080867314338684,0.6445125818252564
data_131.csv,LZ4,HUFFMAN,2.058790397644043,0.6868947982788086
data_131.csv,LZ4,RLE,0.1524670362472534,0.6603086709976196
data_131.csv,LZ4,DICTIONARY,0.0629947185516357,0.6322350025177002
data_131.csv,SNAPPY,PLAIN,0.0861446619033813,0.6544761180877685
data_131.csv,SNAPPY,HUFFMAN,2.040851736068725,0.6830372095108033
data_131.csv,SNAPPY,RLE,0.151063060760498,0.6582641363143921
data_131.csv,SNAPPY,DICTIONARY,0.0947104692459106,0.6440289735794067
data_40.csv,NONE,PLAIN,0.0976986646652221,0.5666476726531983
data_40.csv,NONE,HUFFMAN,1.815046310424805,0.6001658916473389
data_40.csv,NONE,RLE,0.1459147453308105,0.5906904935836792
data_40.csv,NONE,DICTIONARY,0.0865161180496215,0.5565214872360229
data_40.csv,GZIP,PLAIN,0.2663886785507202,0.5969314575195312
data_40.csv,GZIP,HUFFMAN,2.1248306751251222,0.6002943038940429
data_40.csv,GZIP,RLE,0.4261170148849487,0.606351900100708
data_40.csv,GZIP,DICTIONARY,0.2759156227111816,0.5913938283920288
data_40.csv,LZ4,PLAIN,0.0669009447097778,0.5690454244613647
data_40.csv,LZ4,HUFFMAN,1.8298768281936648,0.5834583520889283
data_40.csv,LZ4,RLE,0.1214267969131469,0.5896579027175903
data_40.csv,LZ4,DICTIONARY,0.0686403512954711,0.561158299446106
data_40.csv,SNAPPY,PLAIN,0.0831493854522705,0.5681115388870239
data_40.csv,SNAPPY,HUFFMAN,1.692915391921997,0.6204037189483642
data_40.csv,SNAPPY,RLE,0.1470125198364257,0.5848626375198365
data_40.csv,SNAPPY,DICTIONARY,0.0842068910598754,0.567929458618164
data_126.csv,NONE,PLAIN,0.0912735223770141,0.6345530033111573
data_126.csv,NONE,HUFFMAN,2.1268474817276,0.6611063957214356
data_126.csv,NONE,RLE,0.1541727781295776,0.6437552213668823
data_126.csv,NONE,DICTIONARY,0.0984606266021728,0.6179191589355468
data_126.csv,GZIP,PLAIN,0.2628978729248047,0.6475873470306397
data_126.csv,GZIP,HUFFMAN,2.2068167448043825,0.6575325965881348
data_126.csv,GZIP,RLE,0.4200800418853759,0.6670583486557007
data_126.csv,GZIP,DICTIONARY,0.276567792892456,0.6503162145614624
data_126.csv,LZ4,PLAIN,0.0682475805282592,0.612722635269165
data_126.csv,LZ4,HUFFMAN,1.8211237907409668,0.650820255279541
data_126.csv,LZ4,RLE,0.1317652463912964,0.6392438411712646
data_126.csv,LZ4,DICTIONARY,0.0705603122711181,0.6113581180572509
data_126.csv,SNAPPY,PLAIN,0.0959451913833618,0.6250672340393066
data_126.csv,SNAPPY,HUFFMAN,1.966421031951904,0.6719614505767822
data_126.csv,SNAPPY,RLE,0.145469331741333,0.6658313512802124
data_126.csv,SNAPPY,DICTIONARY,0.080702519416809,0.6225320816040039
data_27.csv,NONE,PLAIN,0.038414192199707,0.299741268157959
data_27.csv,NONE,HUFFMAN,0.1152841567993164,0.2728913784027099
data_27.csv,NONE,RLE,0.0440876007080078,0.2807368993759155
data_27.csv,NONE,DICTIONARY,0.0428282022476196,0.2968929290771484
data_27.csv,GZIP,PLAIN,0.046693205833435,0.3182792425155639
data_27.csv,GZIP,HUFFMAN,0.1148784875869751,0.2891352891921997
data_27.csv,GZIP,RLE,0.072161054611206,0.2881161212921143
data_27.csv,GZIP,DICTIONARY,0.0465145587921142,0.3105052947998047
data_27.csv,LZ4,PLAIN,0.0390347003936767,0.2960590600967407
data_27.csv,LZ4,HUFFMAN,0.1018756866455078,0.2769565105438232
data_27.csv,LZ4,RLE,0.0430829048156738,0.2816201210021972
data_27.csv,LZ4,DICTIONARY,0.043040657043457,0.3059771299362183
data_27.csv,SNAPPY,PLAIN,0.0398895502090454,0.3011523723602295
data_27.csv,SNAPPY,HUFFMAN,0.1094747543334961,0.2806724786758423
data_27.csv,SNAPPY,RLE,0.0412741422653198,0.2864849328994751
data_27.csv,SNAPPY,DICTIONARY,0.0391375541687011,0.313501763343811
data_97.csv,NONE,PLAIN,0.0894999265670776,0.5641176223754882
data_97.csv,NONE,HUFFMAN,1.98567533493042,0.6119478702545166
data_97.csv,NONE,RLE,0.1381231069564819,0.620534086227417
data_97.csv,NONE,DICTIONARY,0.0953650474548339,0.567586612701416
data_97.csv,GZIP,PLAIN,0.249606704711914,0.5906032085418701
data_97.csv,GZIP,HUFFMAN,2.1534018516540527,0.6288322448730469
data_97.csv,GZIP,RLE,0.390740180015564,0.6261919260025024
data_97.csv,GZIP,DICTIONARY,0.3082789897918701,0.6044929981231689
data_97.csv,LZ4,PLAIN,0.0846290111541748,0.5732311010360718
data_97.csv,LZ4,HUFFMAN,1.894438338279724,0.6166539430618286
data_97.csv,LZ4,RLE,0.1431043624877929,0.5950729370117187
data_97.csv,LZ4,DICTIONARY,0.0734369993209838,0.5830801963806153
data_97.csv,SNAPPY,PLAIN,0.0837169408798217,0.573371696472168
data_97.csv,SNAPPY,HUFFMAN,2.013659954071045,0.5990822315216064
data_97.csv,SNAPPY,RLE,0.1533712387084961,0.6092515468597413
data_97.csv,SNAPPY,DICTIONARY,0.0855385065078735,0.5611530303955078
data_119.csv,NONE,PLAIN,0.1075536489486694,0.5825220346450806
data_119.csv,NONE,HUFFMAN,2.048547458648682,0.6140138626098632
data_119.csv,NONE,RLE,0.1540455818176269,0.6024091243743896
data_119.csv,NONE,DICTIONARY,0.0903908729553222,0.5867895126342774
data_119.csv,GZIP,PLAIN,0.2848442077636718,0.6097743034362793
data_119.csv,GZIP,HUFFMAN,2.0275144577026367,0.6090191602706909
data_119.csv,GZIP,RLE,0.3910838603973389,0.6021627187728882
data_119.csv,GZIP,DICTIONARY,0.2768507003784179,0.5974856853485108
data_119.csv,LZ4,PLAIN,0.0759897708892822,0.5745430707931518
data_119.csv,LZ4,HUFFMAN,2.0691397905349733,0.613040566444397
data_119.csv,LZ4,RLE,0.1403391122817993,0.6040472030639649
data_119.csv,LZ4,DICTIONARY,0.0891249179840087,0.5560849905014038
data_119.csv,SNAPPY,PLAIN,0.0788426160812378,0.5764253854751586
data_119.csv,SNAPPY,HUFFMAN,1.7610916137695312,0.6027171611785889
data_119.csv,SNAPPY,RLE,0.1495772361755371,0.6002601623535156
data_119.csv,SNAPPY,DICTIONARY,0.0827758073806762,0.5644776105880738
data_31.csv,NONE,PLAIN,0.0464230775833129,0.2388046503067016
data_31.csv,NONE,HUFFMAN,0.0635484933853149,0.2394783973693847
data_31.csv,NONE,RLE,0.0515892028808593,0.2620133876800537
data_31.csv,NONE,DICTIONARY,0.0389065027236938,0.2394478559494018
data_31.csv,GZIP,PLAIN,0.0642623662948608,0.2564987659454346
data_31.csv,GZIP,HUFFMAN,0.0706217288970947,0.2422512292861938
data_31.csv,GZIP,RLE,0.0678128480911254,0.2435173511505127
data_31.csv,GZIP,DICTIONARY,0.0434549331665039,0.2425786256790161
data_31.csv,LZ4,PLAIN,0.0466424226760864,0.2523371696472168
data_31.csv,LZ4,HUFFMAN,0.0759557247161865,0.2496318340301513
data_31.csv,LZ4,RLE,0.0470648765563964,0.2432603359222412
data_31.csv,LZ4,DICTIONARY,0.0419603586196899,0.2406570196151733
data_31.csv,SNAPPY,PLAIN,0.051561164855957,0.2309638977050781
data_31.csv,SNAPPY,HUFFMAN,0.0739647388458251,0.2377507448196411
data_31.csv,SNAPPY,RLE,0.0494578599929809,0.2327923059463501
data_31.csv,SNAPPY,DICTIONARY,0.0425751686096191,0.241037368774414
data_26.csv,NONE,PLAIN,0.0411631345748901,0.2499459266662597
data_26.csv,NONE,HUFFMAN,0.0815375804901123,0.2506124258041382
data_26.csv,NONE,RLE,0.0497323274612426,0.248750352859497
data_26.csv,NONE,DICTIONARY,0.0412875175476074,0.256114649772644
data_26.csv,GZIP,PLAIN,0.0509395360946655,0.2713932752609252
data_26.csv,GZIP,HUFFMAN,0.0890395879745483,0.2678667783737182
data_26.csv,GZIP,RLE,0.0800797700881958,0.2563931465148926
data_26.csv,GZIP,DICTIONARY,0.0476907730102539,0.2542932033538818
data_26.csv,LZ4,PLAIN,0.0399099588394165,0.2699197769165039
data_26.csv,LZ4,HUFFMAN,0.0768628597259521,0.2641529560089111
data_26.csv,LZ4,RLE,0.0496874332427978,0.2698442220687866
data_26.csv,LZ4,DICTIONARY,0.0419378042221069,0.2665198564529419
data_26.csv,SNAPPY,PLAIN,0.0382293701171875,0.2582531213760376
data_26.csv,SNAPPY,HUFFMAN,0.0892920017242431,0.2728014707565308
data_26.csv,SNAPPY,RLE,0.0448648452758789,0.2649232387542725
data_26.csv,SNAPPY,DICTIONARY,0.0397763013839721,0.2637147426605224
data_85.csv,NONE,PLAIN,0.1338979482650756,0.5625257730484009
data_85.csv,NONE,HUFFMAN,2.0271374940872198,0.6047709465026856
data_85.csv,NONE,RLE,0.1661396026611328,0.6015570402145386
data_85.csv,NONE,DICTIONARY,0.0828946828842163,0.5503030776977539
data_85.csv,GZIP,PLAIN,0.2735490322113037,0.5573650360107422
data_85.csv,GZIP,HUFFMAN,1.978215217590332,0.6002336978912354
data_85.csv,GZIP,RLE,0.4022078037261963,0.6018204927444458
data_85.csv,GZIP,DICTIONARY,0.2545912981033325,0.579539680480957
data_85.csv,LZ4,PLAIN,0.0708424091339111,0.5641534328460693
data_85.csv,LZ4,HUFFMAN,2.007218098640442,0.5990362405776978
data_85.csv,LZ4,RLE,0.1369370222091674,0.6018306493759156
data_85.csv,LZ4,DICTIONARY,0.0781173229217529,0.5894627094268798
data_85.csv,SNAPPY,PLAIN,0.0878683805465698,0.5726498365402222
data_85.csv,SNAPPY,HUFFMAN,2.070814061164856,0.6091608047485352
data_85.csv,SNAPPY,RLE,0.155939507484436,0.5936613559722901
data_85.csv,SNAPPY,DICTIONARY,0.0824971437454223,0.557611608505249
data_54.csv,NONE,PLAIN,0.1007948398590087,0.6320300817489624
data_54.csv,NONE,HUFFMAN,2.2613622188568114,0.6715774536132812
data_54.csv,NONE,RLE,0.1601623296737671,0.6765426158905029
data_54.csv,NONE,DICTIONARY,0.1023654699325561,0.6727423906326294
data_54.csv,GZIP,PLAIN,0.3172065496444702,0.6638208389282226
data_54.csv,GZIP,HUFFMAN,2.266439700126648,0.6819950819015503
data_54.csv,GZIP,RLE,0.4380826234817505,0.6404765844345093
data_54.csv,GZIP,DICTIONARY,0.3052895784378052,0.6625335693359375
data_54.csv,LZ4,PLAIN,0.068559193611145,0.6434352159500122
data_54.csv,LZ4,HUFFMAN,2.316738152503967,0.6627447366714477
data_54.csv,LZ4,RLE,0.1393914461135864,0.6869146347045898
data_54.csv,LZ4,DICTIONARY,0.077050232887268,0.6421451091766357
data_54.csv,SNAPPY,PLAIN,0.0871248245239257,0.6378143548965454
data_54.csv,SNAPPY,HUFFMAN,2.1257970333099365,0.6667500495910644
data_54.csv,SNAPPY,RLE,0.1641782999038696,0.6864325046539307
data_54.csv,SNAPPY,DICTIONARY,0.0845828294754028,0.6250407934188843
data_73.csv,NONE,PLAIN,0.0940482139587402,0.6292037010192871
data_73.csv,NONE,HUFFMAN,2.169439911842346,0.6474746704101563
data_73.csv,NONE,RLE,0.1538461446762085,0.650846290588379
data_73.csv,NONE,DICTIONARY,0.0871900081634521,0.6230791807174683
data_73.csv,GZIP,PLAIN,0.3084829092025757,0.6428052902221679
data_73.csv,GZIP,HUFFMAN,2.317627263069153,0.6526190042495728
data_73.csv,GZIP,RLE,0.4201508283615112,0.6563008069992066
data_73.csv,GZIP,DICTIONARY,0.2762022733688354,0.6620181798934937
data_73.csv,LZ4,PLAIN,0.0704306125640869,0.6096640825271606
data_73.csv,LZ4,HUFFMAN,2.027648663520813,0.6598483562469483
data_73.csv,LZ4,RLE,0.1314739465713501,0.6650993824005127
data_73.csv,LZ4,DICTIONARY,0.0808843612670898,0.6120176792144776
data_73.csv,SNAPPY,PLAIN,0.0799372911453247,0.6063845872879028
data_73.csv,SNAPPY,HUFFMAN,2.027336287498474,0.648613452911377
data_73.csv,SNAPPY,RLE,0.1605115413665771,0.6271740913391113
data_73.csv,SNAPPY,DICTIONARY,0.0830940961837768,0.6182240962982177
data_45.csv,NONE,PLAIN,0.0901012897491455,0.554283881187439
data_45.csv,NONE,HUFFMAN,2.005280613899231,0.6037824392318726
data_45.csv,NONE,RLE,0.1329953193664551,0.6155947208404541
data_45.csv,NONE,DICTIONARY,0.1089094638824463,0.5553789854049682
data_45.csv,GZIP,PLAIN,0.3081062078475952,0.5981610298156739
data_45.csv,GZIP,HUFFMAN,2.1488527774810797,0.5884325265884399
data_45.csv,GZIP,RLE,0.3927801370620727,0.6159990072250366
data_45.csv,GZIP,DICTIONARY,0.2854125738143921,0.6383009433746338
data_45.csv,LZ4,PLAIN,0.0707661867141723,0.5708415031433105
data_45.csv,LZ4,HUFFMAN,1.8700143814086916,0.62294499874115
data_45.csv,LZ4,RLE,0.1388798713684082,0.590459656715393
data_45.csv,LZ4,DICTIONARY,0.070435094833374,0.6131985664367676
data_45.csv,SNAPPY,PLAIN,0.0774847507476806,0.5752653121948242
data_45.csv,SNAPPY,HUFFMAN,1.8993873119354248,0.6076493740081788
data_45.csv,SNAPPY,RLE,0.1381888151168823,0.6155653953552246
data_45.csv,SNAPPY,DICTIONARY,0.0823265075683593,0.5750425577163696
data_49.csv,NONE,PLAIN,0.1037752389907837,0.6488487958908081
data_49.csv,NONE,HUFFMAN,2.08106849193573,0.657630181312561
data_49.csv,NONE,RLE,0.1429316759109497,0.6642698526382447
data_49.csv,NONE,DICTIONARY,0.0909380435943603,0.6333787441253662
data_49.csv,GZIP,PLAIN,0.27945077419281,0.6664818286895752
data_49.csv,GZIP,HUFFMAN,2.117580509185791,0.6877359628677369
data_49.csv,GZIP,RLE,0.4124637365341186,0.677048659324646
data_49.csv,GZIP,DICTIONARY,0.2904279470443726,0.6682603359222412
data_49.csv,LZ4,PLAIN,0.0666917085647583,0.6375476598739624
data_49.csv,LZ4,HUFFMAN,1.9684789896011352,0.6832080841064453
data_49.csv,LZ4,RLE,0.1384158849716186,0.654733419418335
data_49.csv,LZ4,DICTIONARY,0.0647538185119629,0.6256922245025635
data_49.csv,SNAPPY,PLAIN,0.098514723777771,0.6299050092697144
data_49.csv,SNAPPY,HUFFMAN,1.9656606197357176,0.6882510662078858
data_49.csv,SNAPPY,RLE,0.1697143793106079,0.6688163995742797
data_49.csv,SNAPPY,DICTIONARY,0.0790782451629638,0.6314526557922363
data_55.csv,NONE,PLAIN,0.0915106296539306,0.6887220144271851
data_55.csv,NONE,HUFFMAN,2.3041194438934327,0.714150857925415
data_55.csv,NONE,RLE,0.1451711177825927,0.7065430164337159
data_55.csv,NONE,DICTIONARY,0.096254825592041,0.6764480352401734
data_55.csv,GZIP,PLAIN,0.2891409397125244,0.6930676698684692
data_55.csv,GZIP,HUFFMAN,2.464510679244995,0.7069377422332763
data_55.csv,GZIP,RLE,0.4947606086730957,0.7000166416168213
data_55.csv,GZIP,DICTIONARY,0.2948557376861572,0.7043048620224
data_55.csv,LZ4,PLAIN,0.0699336528778076,0.6806026697158813
data_55.csv,LZ4,HUFFMAN,2.039768671989441,0.6936728239059449
data_55.csv,LZ4,RLE,0.1574990034103393,0.6929726362228393
data_55.csv,LZ4,DICTIONARY,0.0717227697372436,0.6733517408370971
data_55.csv,SNAPPY,PLAIN,0.0813165664672851,0.648827075958252
data_55.csv,SNAPPY,HUFFMAN,2.3163506746292115,0.7213183641433716
data_55.csv,SNAPPY,RLE,0.1507782459259033,0.6876314878463745
data_55.csv,SNAPPY,DICTIONARY,0.0811360359191894,0.6699135065078735
data_91.csv,NONE,PLAIN,0.1073249340057373,0.6670485496520996
data_91.csv,NONE,HUFFMAN,2.2355934619903564,0.7096607446670532
data_91.csv,NONE,RLE,0.1551684379577636,0.7321139097213745
data_91.csv,NONE,DICTIONARY,0.0973078727722168,0.6931278705596924
data_91.csv,GZIP,PLAIN,0.2855713844299316,0.6963386774063111
data_91.csv,GZIP,HUFFMAN,2.3538047075271606,0.734662675857544
data_91.csv,GZIP,RLE,0.4450798511505127,0.701469111442566
data_91.csv,GZIP,DICTIONARY,0.2992411136627197,0.6982995271682739
data_91.csv,LZ4,PLAIN,0.0813562631607055,0.6957352161407471
data_91.csv,LZ4,HUFFMAN,2.2570712327957154,0.7187739849090576
data_91.csv,LZ4,RLE,0.1513007402420044,0.7015219688415527
data_91.csv,LZ4,DICTIONARY,0.0830387830734253,0.6741374254226684
data_91.csv,SNAPPY,PLAIN,0.089197564125061,0.6866924047470093
data_91.csv,SNAPPY,HUFFMAN,2.26012806892395,0.7163412570953369
data_91.csv,SNAPPY,RLE,0.166576862335205,0.6961463689804077
data_91.csv,SNAPPY,DICTIONARY,0.0848659038543701,0.694447374343872
data_101.csv,NONE,PLAIN,0.0923862218856811,0.5631357431411743
data_101.csv,NONE,HUFFMAN,2.087571501731873,0.6015725612640381
data_101.csv,NONE,RLE,0.1474202394485473,0.6064479112625122
data_101.csv,NONE,DICTIONARY,0.0854152917861938,0.5700618505477906
data_101.csv,GZIP,PLAIN,0.2473130464553833,0.5794777870178223
data_101.csv,GZIP,HUFFMAN,2.2196558475494386,0.6055444002151489
data_101.csv,GZIP,RLE,0.4385459423065185,0.5922352075576782
data_101.csv,GZIP,DICTIONARY,0.2698358297348022,0.6069702625274658
data_101.csv,LZ4,PLAIN,0.0761222124099731,0.5782559394836426
data_101.csv,LZ4,HUFFMAN,2.0884037971496583,0.610593581199646
data_101.csv,LZ4,RLE,0.1344590902328491,0.5978688716888427
data_101.csv,LZ4,DICTIONARY,0.0759862184524536,0.579323410987854
data_101.csv,SNAPPY,PLAIN,0.0822717905044555,0.6061544179916382
data_101.csv,SNAPPY,HUFFMAN,2.0444493293762207,0.6233587265014648
data_101.csv,SNAPPY,RLE,0.1566307067871093,0.613014817237854
data_101.csv,SNAPPY,DICTIONARY,0.0888524293899536,0.5896367311477662
data_95.csv,NONE,PLAIN,0.0955159187316894,0.6372368574142456
data_95.csv,NONE,HUFFMAN,2.1507996320724487,0.6913190603256225
data_95.csv,NONE,RLE,0.1552991390228271,0.6679033994674682
data_95.csv,NONE,DICTIONARY,0.1148088216781616,0.6478763818740845
data_95.csv,GZIP,PLAIN,0.3097216129302979,0.682829737663269
data_95.csv,GZIP,HUFFMAN,2.342436170578003,0.6737118005752564
data_95.csv,GZIP,RLE,0.4519594669342041,0.6784449338912963
data_95.csv,GZIP,DICTIONARY,0.2808063983917236,0.6645317554473877
data_95.csv,LZ4,PLAIN,0.0681388854980468,0.6544162034988403
data_95.csv,LZ4,HUFFMAN,2.069930505752564,0.6713916540145874
data_95.csv,LZ4,RLE,0.1502567529678344,0.684379243850708
data_95.csv,LZ4,DICTIONARY,0.0688275575637817,0.6528274059295655
data_95.csv,SNAPPY,PLAIN,0.0934840679168701,0.6707239866256713
data_95.csv,SNAPPY,HUFFMAN,2.1405568599700926,0.6838726043701172
data_95.csv,SNAPPY,RLE,0.1682636499404907,0.6875150203704834
data_95.csv,SNAPPY,DICTIONARY,0.0978270769119262,0.6525346755981445
data_10.csv,NONE,PLAIN,0.0411651134490966,0.248625636100769
data_10.csv,NONE,HUFFMAN,0.1211174964904785,0.2788571834564209
data_10.csv,NONE,RLE,0.0534687280654907,0.2579487323760986
data_10.csv,NONE,DICTIONARY,0.0413485288619995,0.281043553352356
data_10.csv,GZIP,PLAIN,0.0475675106048584,0.2519001960754394
data_10.csv,GZIP,HUFFMAN,0.1261211395263672,0.2531153678894043
data_10.csv,GZIP,RLE,0.0735226392745971,0.2609499216079712
data_10.csv,GZIP,DICTIONARY,0.044972801208496,0.2469793319702148
data_10.csv,LZ4,PLAIN,0.0348124742507934,0.2699964046478271
data_10.csv,LZ4,HUFFMAN,0.1143939018249511,0.2612564086914062
data_10.csv,LZ4,RLE,0.0416857004165649,0.259753680229187
data_10.csv,LZ4,DICTIONARY,0.0394360065460205,0.2550932645797729
data_10.csv,SNAPPY,PLAIN,0.0364939212799072,0.2542170524597168
data_10.csv,SNAPPY,HUFFMAN,0.0960178852081298,0.2669156551361084
data_10.csv,SNAPPY,RLE,0.0491795539855957,0.2627144813537597
data_10.csv,SNAPPY,DICTIONARY,0.0389698266983032,0.2605576276779174
data_132.csv,NONE,PLAIN,0.0951128482818603,0.6320207834243774
data_132.csv,NONE,HUFFMAN,1.8662078619003293,0.6440592527389526
data_132.csv,NONE,RLE,0.1564177751541137,0.6476130247116089
data_132.csv,NONE,DICTIONARY,0.1133360862731933,0.6151535034179687
data_132.csv,GZIP,PLAIN,0.2991295337677002,0.6283713102340698
data_132.csv,GZIP,HUFFMAN,1.992585587501526,0.6465804100036621
data_132.csv,GZIP,RLE,0.4198302745819092,0.6466763257980347
data_132.csv,GZIP,DICTIONARY,0.2815711975097656,0.641015625
data_132.csv,LZ4,PLAIN,0.0700902462005615,0.6120823383331299
data_132.csv,LZ4,HUFFMAN,1.9634459972381595,0.6524728775024414
data_132.csv,LZ4,RLE,0.1450026988983154,0.6623896837234498
data_132.csv,LZ4,DICTIONARY,0.0680342674255371,0.6213088274002075
data_132.csv,SNAPPY,PLAIN,0.0986610412597656,0.6107959270477294
data_132.csv,SNAPPY,HUFFMAN,1.9821895599365236,0.6463383436203003
data_132.csv,SNAPPY,RLE,0.1469112873077392,0.6339634180068969
data_132.csv,SNAPPY,DICTIONARY,0.091658067703247,0.6189854383468628
data_34.csv,NONE,PLAIN,0.0367830276489257,0.2804605007171631
data_34.csv,NONE,HUFFMAN,0.1357011795043945,0.2783758878707886
data_34.csv,NONE,RLE,0.0540661811828613,0.2780070543289185
data_34.csv,NONE,DICTIONARY,0.0432878732681274,0.2787143468856811
data_34.csv,GZIP,PLAIN,0.0556167602539062,0.2737430572509766
data_34.csv,GZIP,HUFFMAN,0.1412029266357422,0.2826612472534179
data_34.csv,GZIP,RLE,0.092177939414978,0.2576671600341796
data_34.csv,GZIP,DICTIONARY,0.0552460432052612,0.2715013742446899
data_34.csv,LZ4,PLAIN,0.0372334480285644,0.2600762128829956
data_34.csv,LZ4,HUFFMAN,0.1359911441802978,0.276898717880249
data_34.csv,LZ4,RLE,0.0445869445800781,0.2843287944793701
data_34.csv,LZ4,DICTIONARY,0.0397734642028808,0.2801058053970336
data_34.csv,SNAPPY,PLAIN,0.038203477859497,0.2649580717086792
data_34.csv,SNAPPY,HUFFMAN,0.1508438348770141,0.2616887092590332
data_34.csv,SNAPPY,RLE,0.0485549688339233,0.2715440273284912
data_34.csv,SNAPPY,DICTIONARY,0.0381243467330932,0.267788553237915
data_8.csv,NONE,PLAIN,0.0381362199783325,0.2758940696716309
data_8.csv,NONE,HUFFMAN,0.1066593408584594,0.2721996307373047
data_8.csv,NONE,RLE,0.0533629417419433,0.2851646184921265
data_8.csv,NONE,DICTIONARY,0.0488150596618652,0.2698193311691284
data_8.csv,GZIP,PLAIN,0.049045705795288,0.2691874504089355
data_8.csv,GZIP,HUFFMAN,0.1334482669830322,0.2836006164550781
data_8.csv,GZIP,RLE,0.0732714891433715,0.2859469175338745
data_8.csv,GZIP,DICTIONARY,0.0567436695098877,0.2917646408081055
data_8.csv,LZ4,PLAIN,0.0383847475051879,0.2955334663391113
data_8.csv,LZ4,HUFFMAN,0.1105622053146362,0.2724876880645752
data_8.csv,LZ4,RLE,0.0536813020706176,0.2781311273574829
data_8.csv,LZ4,DICTIONARY,0.0420560121536254,0.298642635345459
data_8.csv,SNAPPY,PLAIN,0.0495872020721435,0.3065918922424316
data_8.csv,SNAPPY,HUFFMAN,0.1292203187942505,0.2935883045196533
data_8.csv,SNAPPY,RLE,0.0502829313278198,0.2798411607742309
data_8.csv,SNAPPY,DICTIONARY,0.0374640464782714,0.3023103237152099
data_58.csv,NONE,PLAIN,0.1633993864059448,0.6426002502441406
data_58.csv,NONE,HUFFMAN,2.052595591545105,0.634894585609436
data_58.csv,NONE,RLE,0.1624030590057373,0.6494573831558228
data_58.csv,NONE,DICTIONARY,0.0945285320281982,0.6207276582717896
data_58.csv,GZIP,PLAIN,0.3051391839981079,0.6173653602600098
data_58.csv,GZIP,HUFFMAN,2.1958712577819823,0.6491492033004761
data_58.csv,GZIP,RLE,0.4237987995147705,0.6251279592514039
data_58.csv,GZIP,DICTIONARY,0.2782117128372192,0.6143649101257325
data_58.csv,LZ4,PLAIN,0.0831525325775146,0.5999023914337158
data_58.csv,LZ4,HUFFMAN,2.092550563812256,0.6454606533050538
data_58.csv,LZ4,RLE,0.1553334474563598,0.6360392570495605
data_58.csv,LZ4,DICTIONARY,0.0735101699829101,0.6002689361572265
data_58.csv,SNAPPY,PLAIN,0.0970739126205444,0.6401819944381714
data_58.csv,SNAPPY,HUFFMAN,1.9552248477935792,0.6315789461135864
data_58.csv,SNAPPY,RLE,0.1561416864395141,0.6329174757003784
data_58.csv,SNAPPY,DICTIONARY,0.0783210515975952,0.612436056137085
data_75.csv,NONE,PLAIN,0.1074469566345214,0.638959264755249
data_75.csv,NONE,HUFFMAN,2.239851880073547,0.6824763536453247
data_75.csv,NONE,RLE,0.1598539590835571,0.6846440553665161
data_75.csv,NONE,DICTIONARY,0.1065147399902343,0.6499571800231934
data_75.csv,GZIP,PLAIN,0.3132430553436279,0.6776460886001587
data_75.csv,GZIP,HUFFMAN,2.4147802114486696,0.6726694583892823
data_75.csv,GZIP,RLE,0.467090630531311,0.6993249416351318
data_75.csv,GZIP,DICTIONARY,0.2944492340087891,0.6838068246841431
data_75.csv,LZ4,PLAIN,0.0948635339736938,0.6543062686920166
data_75.csv,LZ4,HUFFMAN,2.2672558784484864,0.6738556146621704
data_75.csv,LZ4,RLE,0.1479811191558838,0.6820600509643555
data_75.csv,LZ4,DICTIONARY,0.0798457145690918,0.6792065858840942
data_75.csv,SNAPPY,PLAIN,0.1171657800674438,0.6586741447448731
data_75.csv,SNAPPY,HUFFMAN,2.1348805665969848,0.6910769701004028
data_75.csv,SNAPPY,RLE,0.1729447841644287,0.6758597373962403
data_75.csv,SNAPPY,DICTIONARY,0.1045099973678588,0.6493508338928222
data_117.csv,NONE,PLAIN,0.0832403421401977,0.5913060903549194
data_117.csv,NONE,HUFFMAN,1.9203569889068604,0.6179846525192261
data_117.csv,NONE,RLE,0.13047935962677,0.5914603233337402
data_117.csv,NONE,DICTIONARY,0.0915363788604736,0.5732696056365967
data_117.csv,GZIP,PLAIN,0.2548574447631836,0.5908253192901611
data_117.csv,GZIP,HUFFMAN,2.1875882387161254,0.5928888082504272
data_117.csv,GZIP,RLE,0.4163911342620849,0.606939697265625
data_117.csv,GZIP,DICTIONARY,0.2759511947631836,0.5884564876556396
data_117.csv,LZ4,PLAIN,0.079942774772644,0.5653229713439941
data_117.csv,LZ4,HUFFMAN,2.07119619846344,0.593442440032959
data_117.csv,LZ4,RLE,0.1339807748794555,0.5945008993148804
data_117.csv,LZ4,DICTIONARY,0.0648776054382324,0.5606336832046509
data_117.csv,SNAPPY,PLAIN,0.0988063335418701,0.565979266166687
data_117.csv,SNAPPY,HUFFMAN,1.953203201293945,0.5988463640213013
data_117.csv,SNAPPY,RLE,0.140626311302185,0.5811997413635254
data_117.csv,SNAPPY,DICTIONARY,0.0959882020950317,0.5706527233123779
data_124.csv,NONE,PLAIN,0.1070266962051391,0.5868072271347046
data_124.csv,NONE,HUFFMAN,2.0220686912536623,0.5993510961532593
data_124.csv,NONE,RLE,0.1489896297454834,0.586819863319397
data_124.csv,NONE,DICTIONARY,0.106149673461914,0.5686801910400391
data_124.csv,GZIP,PLAIN,0.2716701030731201,0.570542573928833
data_124.csv,GZIP,HUFFMAN,2.035306477546692,0.6038858890533447
data_124.csv,GZIP,RLE,0.4296915292739868,0.6084877967834472
data_124.csv,GZIP,DICTIONARY,0.3141546249389648,0.5774556636810303
data_124.csv,LZ4,PLAIN,0.0684369802474975,0.5577017545700074
data_124.csv,LZ4,HUFFMAN,2.1278062582015997,0.5923746585845947
data_124.csv,LZ4,RLE,0.1452370643615722,0.5888841152191162
data_124.csv,LZ4,DICTIONARY,0.0721357107162475,0.5721543788909912
data_124.csv,SNAPPY,PLAIN,0.0831828117370605,0.5462844610214234
data_124.csv,SNAPPY,HUFFMAN,1.9761834621429444,0.6094465494155884
data_124.csv,SNAPPY,RLE,0.1364759683609008,0.5945191860198975
data_124.csv,SNAPPY,DICTIONARY,0.0967664241790771,0.562265682220459
data_139.csv,NONE,PLAIN,0.1034593343734741,0.6472870588302613
data_139.csv,NONE,HUFFMAN,2.3530725479125976,0.6826294660568237
data_139.csv,NONE,RLE,0.1699522018432617,0.6921758651733398
data_139.csv,NONE,DICTIONARY,0.1149288892745971,0.6546827793121338
data_139.csv,GZIP,PLAIN,0.308078408241272,0.676022982597351
data_139.csv,GZIP,HUFFMAN,2.5097677230834963,0.697309947013855
data_139.csv,GZIP,RLE,0.4717047691345215,0.6883398532867432
data_139.csv,GZIP,DICTIONARY,0.3030182600021362,0.6716743230819702
data_139.csv,LZ4,PLAIN,0.0686573982238769,0.6495382785797119
data_139.csv,LZ4,HUFFMAN,2.246931314468384,0.6860321283340454
data_139.csv,LZ4,RLE,0.1556997299194336,0.6662557601928711
data_139.csv,LZ4,DICTIONARY,0.0751128911972045,0.6536064624786377
data_139.csv,SNAPPY,PLAIN,0.0895447492599487,0.6507573127746582
data_139.csv,SNAPPY,HUFFMAN,2.40745792388916,0.6505595445632935
data_139.csv,SNAPPY,RLE,0.147576904296875,0.6694940328598022
data_139.csv,SNAPPY,DICTIONARY,0.0950264930725097,0.6550797700881958
data_115.csv,NONE,PLAIN,0.0941063642501831,0.5692773580551147
data_115.csv,NONE,HUFFMAN,2.062553644180298,0.5874365568161011
data_115.csv,NONE,RLE,0.1442715406417846,0.6021888732910157
data_115.csv,NONE,DICTIONARY,0.1045460700988769,0.5671239376068116
data_115.csv,GZIP,PLAIN,0.2915468692779541,0.6032570362091064
data_115.csv,GZIP,HUFFMAN,2.150652360916138,0.6057957172393799
data_115.csv,GZIP,RLE,0.4209205150604248,0.5868039131164551
data_115.csv,GZIP,DICTIONARY,0.2572720527648925,0.5851096630096435
data_115.csv,LZ4,PLAIN,0.0770509481430053,0.5512988328933716
data_115.csv,LZ4,HUFFMAN,2.048062491416931,0.6198082208633423
data_115.csv,LZ4,RLE,0.1784032583236694,0.5796560049057007
data_115.csv,LZ4,DICTIONARY,0.0759150981903076,0.5666650533676147
data_115.csv,SNAPPY,PLAIN,0.0927793741226196,0.5772786617279053
data_115.csv,SNAPPY,HUFFMAN,1.884924054145813,0.6143174409866333
data_115.csv,SNAPPY,RLE,0.1459645748138427,0.5895903587341309
data_115.csv,SNAPPY,DICTIONARY,0.0781618118286132,0.5661443948745728
data_70.csv,NONE,PLAIN,0.084891939163208,0.6042803525924683
data_70.csv,NONE,HUFFMAN,2.093147826194764,0.638106369972229
data_70.csv,NONE,RLE,0.1638089418411255,0.6090199708938598
data_70.csv,NONE,DICTIONARY,0.1028513193130493,0.6184450149536133
data_70.csv,GZIP,PLAIN,0.2890768051147461,0.6215613603591919
data_70.csv,GZIP,HUFFMAN,2.314817214012146,0.6289340019226074
data_70.csv,GZIP,RLE,0.3970516443252563,0.6417378902435302
data_70.csv,GZIP,DICTIONARY,0.2762257814407348,0.6190943002700806
data_70.csv,LZ4,PLAIN,0.0661598682403564,0.5957735776901245
data_70.csv,LZ4,HUFFMAN,2.06424560546875,0.6367535829544068
data_70.csv,LZ4,RLE,0.123637056350708,0.6192651510238647
data_70.csv,LZ4,DICTIONARY,0.0849042415618896,0.5983172655105591
data_70.csv,SNAPPY,PLAIN,0.0914763689041137,0.5832640886306762
data_70.csv,SNAPPY,HUFFMAN,2.0697964906692503,0.6276476860046387
data_70.csv,SNAPPY,RLE,0.1370826482772827,0.6216309547424317
data_70.csv,SNAPPY,DICTIONARY,0.0834790706634521,0.5761656284332275
data_62.csv,NONE,PLAIN,0.1116621255874633,0.5547690868377686
data_62.csv,NONE,HUFFMAN,1.761546778678894,0.574511981010437
data_62.csv,NONE,RLE,0.12725191116333,0.5964300394058227
data_62.csv,NONE,DICTIONARY,0.0818844318389892,0.5790222644805908
data_62.csv,GZIP,PLAIN,0.2677334070205688,0.573408842086792
data_62.csv,GZIP,HUFFMAN,1.9193658113479612,0.5882572412490845
data_62.csv,GZIP,RLE,0.4175902128219604,0.6088275194168091
data_62.csv,GZIP,DICTIONARY,0.3038280010223388,0.5697683095932007
data_62.csv,LZ4,PLAIN,0.0799555301666259,0.550677752494812
data_62.csv,LZ4,HUFFMAN,2.0271327018737795,0.6173942565917969
data_62.csv,LZ4,RLE,0.1420397520065307,0.6253373146057128
data_62.csv,LZ4,DICTIONARY,0.0683195114135742,0.6023840188980103
data_62.csv,SNAPPY,PLAIN,0.0948701620101928,0.5723963499069213
data_62.csv,SNAPPY,HUFFMAN,2.014145565032959,0.6055622816085815
data_62.csv,SNAPPY,RLE,0.1586950302124023,0.6080122709274292
data_62.csv,SNAPPY,DICTIONARY,0.0888715028762817,0.5971708536148072
data_41.csv,NONE,PLAIN,0.0797646284103393,0.6367455244064331
data_41.csv,NONE,HUFFMAN,1.8593210458755491,0.6183425664901734
data_41.csv,NONE,RLE,0.1481280088424682,0.5995114326477051
data_41.csv,NONE,DICTIONARY,0.0889564752578735,0.5653458356857299
data_41.csv,GZIP,PLAIN,0.242655873298645,0.5939327716827393
data_41.csv,GZIP,HUFFMAN,1.963418221473694,0.6084540367126465
data_41.csv,GZIP,RLE,0.3845815420150756,0.5923581600189209
data_41.csv,GZIP,DICTIONARY,0.270547342300415,0.6147270441055298
data_41.csv,LZ4,PLAIN,0.0652985572814941,0.5903174877166748
data_41.csv,LZ4,HUFFMAN,2.000942254066467,0.6073169231414794
data_41.csv,LZ4,RLE,0.1556538105010986,0.5821942329406739
data_41.csv,LZ4,DICTIONARY,0.0659652233123779,0.5672942161560058
data_41.csv,SNAPPY,PLAIN,0.0954369306564331,0.5593247890472413
data_41.csv,SNAPPY,HUFFMAN,1.823714590072632,0.6132758617401123
data_41.csv,SNAPPY,RLE,0.1466399908065795,0.5940961360931396
data_41.csv,SNAPPY,DICTIONARY,0.0793344974517822,0.5560986042022705
data_59.csv,NONE,PLAIN,0.0915342569351196,0.5903146743774415
data_59.csv,NONE,HUFFMAN,2.106913614273071,0.6416181564331055
data_59.csv,NONE,RLE,0.1415740728378295,0.6190331220626831
data_59.csv,NONE,DICTIONARY,0.0851608991622924,0.5870095491409302
data_59.csv,GZIP,PLAIN,0.2753633022308349,0.6050602674484253
data_59.csv,GZIP,HUFFMAN,1.933005952835083,0.6365844488143921
data_59.csv,GZIP,RLE,0.4139681339263916,0.6228346347808837
data_59.csv,GZIP,DICTIONARY,0.2689131736755371,0.6327966928482056
data_59.csv,LZ4,PLAIN,0.0766758441925048,0.5786153554916382
data_59.csv,LZ4,HUFFMAN,1.8217335224151607,0.6285687685012817
data_59.csv,LZ4,RLE,0.1440435171127319,0.6278724431991577
data_59.csv,LZ4,DICTIONARY,0.0816824197769165,0.6083035469055176
data_59.csv,SNAPPY,PLAIN,0.0795085191726684,0.6181668758392334
data_59.csv,SNAPPY,HUFFMAN,1.999977993965149,0.6316802978515625
data_59.csv,SNAPPY,RLE,0.1558415174484252,0.6210002899169922
data_59.csv,SNAPPY,DICTIONARY,0.0780251502990722,0.5929063081741333
data_137.csv,NONE,PLAIN,0.1164578676223754,0.6760353088378906
data_137.csv,NONE,HUFFMAN,2.172982954978943,0.7239713191986084
data_137.csv,NONE,RLE,0.1719987869262695,0.6842156887054444
data_137.csv,NONE,DICTIONARY,0.1021139621734619,0.6620483160018921
data_137.csv,GZIP,PLAIN,0.2884433507919312,0.7325218200683594
data_137.csv,GZIP,HUFFMAN,2.470382499694824,0.7168062448501586
data_137.csv,GZIP,RLE,0.4558861017227172,0.6867929697036743
data_137.csv,GZIP,DICTIONARY,0.2954583883285522,0.715082836151123
data_137.csv,LZ4,PLAIN,0.0754359006881713,0.7195323944091797
data_137.csv,LZ4,HUFFMAN,2.16466109752655,0.7161818265914917
data_137.csv,LZ4,RLE,0.1759099721908569,0.694861650466919
data_137.csv,LZ4,DICTIONARY,0.0945446252822876,0.6734001159667968
data_137.csv,SNAPPY,PLAIN,0.0870934009552002,0.6789887905120849
data_137.csv,SNAPPY,HUFFMAN,2.149181628227234,0.6807663917541504
data_137.csv,SNAPPY,RLE,0.1444504737854003,0.7125209331512451
data_137.csv,SNAPPY,DICTIONARY,0.085856819152832,0.6675010681152344
data_17.csv,NONE,PLAIN,0.0365125894546508,0.2656040668487548
data_17.csv,NONE,HUFFMAN,0.1235860109329223,0.2741532087326049
data_17.csv,NONE,RLE,0.0534351587295532,0.2729421138763427
data_17.csv,NONE,DICTIONARY,0.0421084880828857,0.2707278490066528
data_17.csv,GZIP,PLAIN,0.052341628074646,0.2695709705352783
data_17.csv,GZIP,HUFFMAN,0.1341922998428344,0.2625009059906006
data_17.csv,GZIP,RLE,0.0733797311782837,0.2669317245483398
data_17.csv,GZIP,DICTIONARY,0.0468977212905883,0.2656614542007446
data_17.csv,LZ4,PLAIN,0.0410787105560302,0.2798421621322632
data_17.csv,LZ4,HUFFMAN,0.140971565246582,0.2734584808349609
data_17.csv,LZ4,RLE,0.0539814472198486,0.260561728477478
data_17.csv,LZ4,DICTIONARY,0.0479332447052002,0.2666630029678344
data_17.csv,SNAPPY,PLAIN,0.035866355895996,0.2663658142089843
data_17.csv,SNAPPY,HUFFMAN,0.1294877529144287,0.2675683259963989
data_17.csv,SNAPPY,RLE,0.0482169389724731,0.297221827507019
data_17.csv,SNAPPY,DICTIONARY,0.0385394573211669,0.2680380582809448
data_78.csv,NONE,PLAIN,0.1089269638061523,0.7043285608291626
data_78.csv,NONE,HUFFMAN,1.779924464225769,0.7383884191513062
data_78.csv,NONE,RLE,0.1669066190719604,0.7190757989883423
data_78.csv,NONE,DICTIONARY,0.1156821727752685,0.6984390258789063
data_78.csv,GZIP,PLAIN,0.3129550457000732,0.7180861473083496
data_78.csv,GZIP,HUFFMAN,2.4600037574768066,0.7227120399475098
data_78.csv,GZIP,RLE,0.470560097694397,0.7185815095901489
data_78.csv,GZIP,DICTIONARY,0.3344923257827759,0.7240727186203003
data_78.csv,LZ4,PLAIN,0.080113673210144,0.6906901359558105
data_78.csv,LZ4,HUFFMAN,2.4525781154632567,0.7369698286056519
data_78.csv,LZ4,RLE,0.1564232587814331,0.7318734169006348
data_78.csv,LZ4,DICTIONARY,0.0773753881454467,0.7092667818069458
data_78.csv,SNAPPY,PLAIN,0.0915929079055786,0.6994303226470947
data_78.csv,SNAPPY,HUFFMAN,2.433251214027405,0.7087483167648315
data_78.csv,SNAPPY,RLE,0.1673114061355591,0.7113917112350464
data_78.csv,SNAPPY,DICTIONARY,0.0848862886428833,0.7020820856094361
data_77.csv,NONE,PLAIN,0.1178953647613525,0.6567008018493652
data_77.csv,NONE,HUFFMAN,2.13527991771698,0.6949657917022705
data_77.csv,NONE,RLE,0.1600749492645263,0.6922388076782227
data_77.csv,NONE,DICTIONARY,0.0958379030227661,0.6710322618484497
data_77.csv,GZIP,PLAIN,0.3064277172088623,0.692650318145752
data_77.csv,GZIP,HUFFMAN,2.336175346374512,0.6927284002304077
data_77.csv,GZIP,RLE,0.4625371217727661,0.6763690948486328
data_77.csv,GZIP,DICTIONARY,0.3228357553482056,0.6941516399383545
data_77.csv,LZ4,PLAIN,0.0723763942718505,0.6817062377929688
data_77.csv,LZ4,HUFFMAN,2.182353687286377,0.7713124513626098
data_77.csv,LZ4,RLE,0.1563030004501343,0.6871590852737427
data_77.csv,LZ4,DICTIONARY,0.0700606822967529,0.6654747009277344
data_77.csv,SNAPPY,PLAIN,0.1250843286514282,0.6768864154815674
data_77.csv,SNAPPY,HUFFMAN,2.2791603565216065,0.7050992488861084
data_77.csv,SNAPPY,RLE,0.1517398834228515,0.6883839845657349
data_77.csv,SNAPPY,DICTIONARY,0.0811830520629882,0.6678149223327636
data_106.csv,NONE,PLAIN,0.0833548307418823,0.5769876480102539
data_106.csv,NONE,HUFFMAN,2.008437466621399,0.6043666362762451
data_106.csv,NONE,RLE,0.140501856803894,0.5907699346542359
data_106.csv,NONE,DICTIONARY,0.0944434404373169,0.5735427856445312
data_106.csv,GZIP,PLAIN,0.2908187389373779,0.5937803745269775
data_106.csv,GZIP,HUFFMAN,2.192480516433716,0.61228449344635
data_106.csv,GZIP,RLE,0.4562267065048218,0.6139786005020141
data_106.csv,GZIP,DICTIONARY,0.2806127309799194,0.6066417455673218
data_106.csv,LZ4,PLAIN,0.0830321073532104,0.5912477254867554
data_106.csv,LZ4,HUFFMAN,2.0669281005859377,0.6406399488449097
data_106.csv,LZ4,RLE,0.152895450592041,0.6129319429397583
data_106.csv,LZ4,DICTIONARY,0.0711836814880371,0.57094247341156
data_106.csv,SNAPPY,PLAIN,0.0880279541015625,0.6076427698135376
data_106.csv,SNAPPY,HUFFMAN,2.036980080604553,0.6187308549880981
data_106.csv,SNAPPY,RLE,0.1437738895416259,0.6359489440917969
data_106.csv,SNAPPY,DICTIONARY,0.1051308870315551,0.5748372316360474
data_114.csv,NONE,PLAIN,0.0831033706665039,0.6034893989562988
data_114.csv,NONE,HUFFMAN,2.0854070663452147,0.6305743455886841
data_114.csv,NONE,RLE,0.1620857238769531,0.5841349840164185
data_114.csv,NONE,DICTIONARY,0.097779631614685,0.5732131004333496
data_114.csv,GZIP,PLAIN,0.264234447479248,0.5952942371368408
data_114.csv,GZIP,HUFFMAN,2.099782609939575,0.6146978616714478
data_114.csv,GZIP,RLE,0.4112544775009155,0.6097673177719116
data_114.csv,GZIP,DICTIONARY,0.2624548196792602,0.6042143821716308
data_114.csv,LZ4,PLAIN,0.0806447505950927,0.5780910968780517
data_114.csv,LZ4,HUFFMAN,2.0210179328918456,0.6153313398361206
data_114.csv,LZ4,RLE,0.1363525390625,0.6256431579589844
data_114.csv,LZ4,DICTIONARY,0.0835671186447143,0.5963204860687256
data_114.csv,SNAPPY,PLAIN,0.0865654706954956,0.5733285903930664
data_114.csv,SNAPPY,HUFFMAN,1.960596537590027,0.6107958555221558
data_114.csv,SNAPPY,RLE,0.1377458572387695,0.6053286075592041
data_114.csv,SNAPPY,DICTIONARY,0.0968772649765014,0.5838464736938477
data_21.csv,NONE,PLAIN,0.0369193077087402,0.2610075950622558
data_21.csv,NONE,HUFFMAN,0.1215703964233398,0.2746878385543823
data_21.csv,NONE,RLE,0.0459635257720947,0.2617751598358154
data_21.csv,NONE,DICTIONARY,0.0378588438034057,0.2700186729431152
data_21.csv,GZIP,PLAIN,0.0450881481170654,0.2784016370773315
data_21.csv,GZIP,HUFFMAN,0.1094771862030029,0.2783538103103637
data_21.csv,GZIP,RLE,0.0704248428344726,0.2785189867019653
data_21.csv,GZIP,DICTIONARY,0.047364068031311,0.2618532180786133
data_21.csv,LZ4,PLAIN,0.0356049537658691,0.2683477401733398
data_21.csv,LZ4,HUFFMAN,0.1132163286209106,0.2691428422927856
data_21.csv,LZ4,RLE,0.0408623695373535,0.2708643674850464
data_21.csv,LZ4,DICTIONARY,0.0439161539077758,0.2688740491867065
data_21.csv,SNAPPY,PLAIN,0.0344249963760375,0.2838685750961304
data_21.csv,SNAPPY,HUFFMAN,0.0988710880279541,0.2595491647720337
data_21.csv,SNAPPY,RLE,0.0433790922164917,0.2645349979400634
data_21.csv,SNAPPY,DICTIONARY,0.0421127319335937,0.2687751054763794
