Exponent,Types,Length,Repeat,RLE,PLAIN,HUFFMAN,DICTIONARY,MTF,BW,AC
0.0,2,0.983,1000.0,0,0,0,1,0,0,0
2.909509919100021e-05,5,0.411348,100.0,0,0,0,1,0,0,0
0.0931094043914814,99237,0.0372967633471616,358.93624,0,0,0,0,1,0,0
0.0,2,0.9493293591654248,1006.5,0,0,0,1,0,0,0
0.0,2,0.5240112994350282,708.0,0,0,0,1,0,0,0
0.0,2,0.973,1000.0,0,0,0,1,0,0,0
1.034809395515322e-05,253,0.015021894846736,1.2166577283504572,0,0,0,1,0,0,0
0.0324214776923774,900,0.4990989243580847,1000.0,0,0,0,0,0,1,0
0.1699250014423123,98826,0.0413165197584347,319.87883,0,0,0,0,1,0,0
0.0,2,0.5085508550855086,1111.0,0,0,0,1,0,0,0
0.024662054234269,600,0.4992265787647467,1000.0,0,0,0,0,0,1,0
0.0,300,0.4981039555863983,1000.0,0,0,0,0,0,1,0
0.0,2,0.5065861690450055,911.0,0,0,0,1,0,0,0
0.0,2,0.5147540983606558,610.0,0,0,0,1,0,0,0
0.0,2,0.9683908045977012,1044.0,0,0,0,1,0,0,0
0.0,2,0.4851485148514851,202.0,0,0,0,1,0,0,0
0.0,2,0.4950980392156863,102.0,0,0,0,1,0,0,0
0.0,2,0.4938271604938271,202.5,0,0,0,1,0,0,0
0.0524674198941354,1500,0.4998905274115198,1000.0,0,0,0,0,0,1,0
0.0,2,0.971,1000.0,0,0,0,1,0,0,0
0.0,1350,0.4996083120338924,1000.0,0,0,0,0,0,1,0
2.8912013966809636e-05,3,0.4799666,100.0,0,0,0,1,0,0,0
0.0,2,0.9111111111111112,1012.5,0,0,0,1,0,0,0
0.0,2,0.9034617259873232,1025.5,0,0,0,1,0,0,0
0.0004340890783131,2707,0.0184991962189911,14.709572936660267,0,0,0,1,0,0,0
0.0,2,0.5082236842105263,304.0,0,0,0,1,0,0,0
0.0,2,0.9555765595463138,1058.0,0,0,0,1,0,0,0
0.0,2,0.5059642147117296,503.0,0,0,0,1,0,0,0
0.0,2,0.5072463768115942,103.5,0,0,0,1,0,0,0
2.8912013966809636e-05,3,0.5998,100.0,0,0,0,1,0,0,0
0.0291463456595165,750,0.4988800485773768,1000.0,0,0,0,0,0,1,0
0.1154772174199358,98441,0.0411728623746518,347.10023,0,0,0,0,1,0,0
0.0,2,0.5043103448275862,812.0,0,0,0,1,0,0,0
1.0212577227508211e-05,51,0.0002060043398247,1.0276335102179068,0,0,0,1,0,0,0
0.0,2,0.5002261420171868,1105.5,0,0,0,1,0,0,0
0.0,2,0.4926108374384236,812.0,0,0,0,1,0,0,0
0.0,99625,0.038259754129456,346.39611,0,0,0,0,1,0,0
0.0,2,0.5004935834155972,506.5,0,0,0,1,0,0,0
0.0234589728239889,600,0.4989776197085357,1000.0,0,0,0,0,0,1,0
0.0065133069586743,150,0.5000249826509369,1000.0,0,0,0,1,0,0,0
0.1699250014423123,99390,0.0366863653517259,373.629,0,0,0,0,1,0,0
0.0,750,0.4988437196391395,1000.0,0,0,0,0,0,1,0
0.0,2,0.5185643564356436,404.0,0,0,0,1,0,0,0
0.0,2,0.5024390243902439,307.5,0,0,0,1,0,0,0
0.0384741478146356,1050,0.4998076335877862,1000.0,0,0,0,0,0,1,0
0.0179219079972623,450,0.4990356696738376,1000.0,0,0,0,0,0,1,0
0.0,2,0.999,1000.0,0,0,0,1,0,0,0
0.0,2,0.9319862000985708,1014.5,0,0,0,1,0,0,0
0.0,2,0.5116115411681914,710.5,0,0,0,1,0,0,0
0.0,2,0.9831097863884748,1006.5,0,0,0,1,0,0,0
0.0,2,0.972972972972973,1017.5,0,0,0,1,0,0,0
0.0,2,0.5049443757725587,809.0,0,0,0,1,0,0,0
0.0,2,0.999,1000.0,0,0,0,1,0,0,0
2.8971816110340637e-05,4,0.4799642007159856,100.0,0,0,0,1,0,0,0
0.0,900,0.4999132546842471,1000.0,0,0,0,0,0,1,0
0.2630344058337938,99226,0.0420534802191204,317.81246,0,0,0,0,1,0,0
0.0,2,0.5172225259704757,914.5,0,0,0,1,0,0,0
0.0,99523,0.0434012390372457,319.44641,0,0,0,0,1,0,0
0.0,2,0.5071534287123828,1013.5,0,0,0,1,0,0,0
0.0126000367796335,300,0.4991890700902151,1000.0,0,0,0,0,0,1,0
0.0,2,0.963,1000.0,0,0,0,1,0,0,0
0.0443941193584534,1200,0.4992202984038862,1000.0,0,0,0,0,0,1,0
0.2630344058337938,99307,0.0385830032454054,344.24666,0,0,0,0,1,0,0
0.0,1500,0.4994066967383761,1000.0,0,0,0,0,0,1,0
0.0,2,0.5,102.0,0,0,0,1,0,0,0
0.0,2,0.5074380165289256,302.5,0,0,0,1,0,0,0
2.886862381699348e-05,2,0.5000240004800096,100.0,0,0,0,1,0,0,0
0.0,150,0.499679146426093,1000.0,0,0,0,1,0,0,0
0.0,2,0.4956140350877193,912.0,0,0,0,1,0,0,0
0.0,450,0.4996577723802914,1000.0,0,0,0,0,0,1,0
2.8971816110340637e-05,4,0.4203507929841403,100.0,0,0,0,1,0,0,0
0.0,2,0.5160652496292635,1011.5,0,0,0,1,0,0,0
0.0,2,0.5007022471910112,712.0,0,0,0,1,0,0,0
0.0,1350,0.4991636847449319,1000.0,0,0,0,0,0,1,0
0.0,2,0.5220804710500491,509.5,0,0,0,1,0,0,0
0.1926450779423958,98392,0.0408810308079888,327.24077,0,0,0,0,1,0,0
2.935439322318804e-05,6,0.4127838556771135,100.0,0,0,0,1,0,0,0
0.0,99130,0.0392766903028334,330.2707,0,0,0,0,1,0,0
0.0,1200,0.4998437196391395,1000.0,0,0,0,0,0,1,0
0.0,2,0.9477351916376306,1004.5,0,0,0,1,0,0,0
0.0,99553,0.0454092930716537,311.17397,0,0,0,0,1,0,0
0.0,2,0.9083292262198128,1014.5,0,0,0,1,0,0,0
0.1255308820838588,99484,0.0391662650434814,333.56308,0,0,0,0,1,0,0
1.0189063975098451e-05,2,0.0,12.997480806142034,0,0,0,1,0,0,0
0.0418201756946269,1200,0.4995726578764746,1000.0,0,0,0,0,0,1,0
4.742509298080642e-05,246,0.4705164817559178,100.0,0,0,0,1,0,0,0
0.0,2,0.999,1000.0,0,0,0,1,0,0,0
0.1699250014423123,98402,0.0416058025468833,319.13986,0,0,0,0,1,0,0
0.2630344058337938,99262,0.0422582441854363,321.10965,0,0,0,0,1,0,0
1.0182160449759483e-05,4,0.0005284704655472,1.0014607090436942,0,0,0,1,0,0,0
0.0,2,0.4378109452736318,100.5,0,0,0,1,0,0,0
1.4321046271787345e-05,2,0.0,4.710878401264536,0,0,0,1,0,0,0
0.0430687218918859,1200,0.4992858431644691,1000.0,0,0,0,0,0,1,0
0.0,2,0.500823723228995,910.5,0,0,0,1,0,0,0
2.888307272206684e-05,3,0.499972,100.0,0,0,0,1,0,0,0
0.0,2,0.511307767944936,508.5,0,0,0,1,0,0,0
0.0324214776923774,900,0.4990746703678001,1000.0,0,0,0,0,0,1,0
0.0,97975,0.0435979516445575,317.83351,0,0,0,0,1,0,0
0.0,1200,0.4993303955586398,1000.0,0,0,0,0,0,1,0
2.8912013966809636e-05,3,0.499946,100.0,0,0,0,1,0,0,0
0.0,2,0.9725,1000.0,0,0,0,1,0,0,0
0.0,2,0.5067985166872683,404.5,0,0,0,1,0,0,0
0.0,2,0.9494089834515368,1057.5,0,0,0,1,0,0,0
3.122953126205422e-05,17,0.5924911494689682,100.0,0,0,0,1,0,0,0
0.1699250014423123,98455,0.0398631275308403,366.14814,0,0,0,0,1,0,0
0.0,2,0.9242498770290212,1016.5,0,0,0,1,0,0,0
2.909509919100021e-05,5,0.4799316,100.0,0,0,0,1,0,0,0
2.8861116097790825e-05,2,0.4999928,100.0,0,0,0,1,0,0,0
0.0,98726,0.0378001782432328,349.95999,0,0,0,0,1,0,0
0.0,2,0.999,1000.0,0,0,0,1,0,0,0
0.0,2,0.9501953125,1024.0,0,0,0,1,0,0,0
4.742509298080642e-05,246,0.5612180077702568,100.0,0,0,0,1,0,0,0
0.1255308820838588,99340,0.046120176259776,323.37951,0,0,0,0,1,0,0
0.0066637302810106,150,0.5013775503122831,1000.0,0,0,0,1,0,0,0
0.137503523749935,99289,0.0423355378098347,336.8449,0,0,0,0,1,0,0
0.1926450779423958,98290,0.0397358214516283,371.42607,0,0,0,0,1,0,0
0.0,2,0.5004935834155972,1013.0,0,0,0,1,0,0,0
2.8912013966809636e-05,3,0.4599114,100.0,0,0,0,1,0,0,0
0.0,1050,0.4995349757113116,1000.0,0,0,0,0,0,1,0
0.0,2,0.4986498649864986,1111.0,0,0,0,1,0,0,0
0.0,2,0.5152514427040396,606.5,0,0,0,1,0,0,0
0.0,2,0.9198044009779952,1022.5,0,0,0,1,0,0,0
0.0,1350,0.499989174184594,1000.0,0,0,0,0,0,1,0
0.2630344058337938,99433,0.0373073211665936,381.90949,0,0,0,0,1,0,0
0.0,2,0.9461728395061728,1012.5,0,0,0,1,0,0,0
3.122953126205422e-05,17,0.459126947616857,100.0,0,0,0,1,0,0,0
0.0118741002882917,300,0.5012706453851492,1000.0,0,0,0,0,0,1,0
0.0,98701,0.0431052656917367,321.12666,0,0,0,0,1,0,0
0.0,98552,0.0389815275296105,347.30168,0,0,0,0,1,0,0
0.0,2,0.9761549925484352,1006.5,0,0,0,1,0,0,0
0.0,1200,0.4996758848022207,1000.0,0,0,0,0,0,1,0
0.0,2,0.9753946146703808,1077.0,0,0,0,1,0,0,0
2.718193970714272e-05,186,0.004296677111282,8.650156655752513,0,0,0,1,0,0,0
0.3219280948873623,99532,0.039200847837411,336.98914,0,0,0,0,1,0,0
0.0,2,0.5047039291643608,903.5,0,0,0,1,0,0,0
0.0,2,0.5051546391752577,1115.5,0,0,0,1,0,0,0
3.122953126205422e-05,17,0.4258521511290677,100.0,0,0,0,1,0,0,0
0.0004593838729753,18506,0.0203592814371257,14.40650756463814,0,0,0,0,1,0,0
0.0,2,0.5057471264367817,609.0,0,0,0,1,0,0,0
0.0506260730699681,1500,0.4994038861901457,1000.0,0,0,0,0,0,1,0
0.0,2,0.989,1000.0,0,0,0,1,0,0,0
3.479265994535823e-05,208,0.0819657397098203,12.954640397425765,0,0,0,1,0,0,0
0.0,2,0.8938356164383562,1022.0,0,0,0,1,0,0,0
0.15200309344505,98741,0.0443403576236483,325.88393,0,0,0,0,1,0,0
0.0,2,0.5084577114427861,1005.0,0,0,0,1,0,0,0
0.0,98914,0.0371969602218129,360.5921,0,0,0,0,1,0,0
2.8971816110340637e-05,4,0.4501639967200656,100.0,0,0,0,1,0,0,0
0.0,2,0.94140625,1024.0,0,0,0,1,0,0,0
0.0,98721,0.0412245052116096,321.43236,0,0,0,0,1,0,0
2.8971816110340637e-05,4,0.5495194096118078,100.0,0,0,0,1,0,0,0
0.0,2,0.5221238938053098,508.5,0,0,0,1,0,0,0
0.0,99603,0.0414603592897777,320.77339,0,0,0,0,1,0,0
0.0,2,0.4676616915422885,100.5,0,0,0,1,0,0,0
0.0,99389,0.0366786236585583,377.02069,0,0,0,0,1,0,0
0.0,2,0.958,1000.0,0,0,0,1,0,0,0
0.0,98303,0.0410066645463545,321.39922,0,0,0,0,1,0,0
0.0,2,0.5160493827160494,202.5,0,0,0,1,0,0,0
0.0,2,0.504941599281222,1113.0,0,0,0,1,0,0,0
0.0,2,0.5297029702970297,101.0,0,0,0,1,0,0,0
0.0,2,0.5106732348111659,913.5,0,0,0,1,0,0,0
2.909509919100021e-05,5,0.4206988,100.0,0,0,0,1,0,0,0
2.8861116097790825e-05,2,0.4500096,100.0,0,0,0,1,0,0,0
0.1926450779423958,99197,0.0386212555681315,336.91059,0,0,0,0,1,0,0
3.122953126205422e-05,17,0.4796395783747025,100.0,0,0,0,1,0,0,0
0.1699250014423123,97227,0.0425130352772918,321.69051,0,0,0,0,1,0,0
0.0,2,0.981345115365734,1018.5,0,0,0,1,0,0,0
2.8912013966809636e-05,3,0.5000952,100.0,0,0,0,1,0,0,0
0.0,2,0.99,1000.0,0,0,0,1,0,0,0
0.0,2,0.510341726618705,1112.0,0,0,0,1,0,0,0
0.1154772174199358,99454,0.0441038440924758,313.32779,0,0,0,0,1,0,0
3.4684754978663044e-05,43,0.4610214247134369,100.0,0,0,0,1,0,0,0
0.0067573661753088,150,0.4998553435114504,1000.0,0,0,0,1,0,0,0
0.0,2,0.9660377358490566,1060.0,0,0,0,1,0,0,0
0.0,2,0.5067385444743935,1113.0,0,0,0,1,0,0,0
3.4684754978663044e-05,43,0.4327618075976714,100.0,0,0,0,1,0,0,0
2.8861116097790825e-05,2,0.4100384,100.0,0,0,0,1,0,0,0
0.1926450779423958,98961,0.0456669318678732,324.06841,0,0,0,0,1,0,0
0.0418201756946269,1200,0.4991331020124913,1000.0,0,0,0,0,0,1,0
0.0,2,0.5195439739413681,307.0,0,0,0,1,0,0,0
0.0,99413,0.0369413649919636,366.35571,0,0,0,0,1,0,0
0.0,2,0.999,1000.0,0,0,0,1,0,0,0
4.031619949917319e-05,255,0.0123716690833007,14.76545387828836,0,0,0,1,0,0,0
0.0,2,0.911310413552566,1003.5,0,0,0,1,0,0,0
2.888307272206684e-05,3,0.4599538,100.0,0,0,0,1,0,0,0
0.2630344058337938,98695,0.0357774107101071,391.0269,0,0,0,0,1,0,0
0.0,98709,0.0369290435353188,369.66216,0,0,0,0,1,0,0
0.0,2,0.9199604743083004,1012.0,0,0,0,1,0,0,0
0.0331668639351993,900,0.4994155447605829,1000.0,0,0,0,0,0,1,0
0.0,2,0.4930830039525691,506.0,0,0,0,1,0,0,0
0.0,2,0.9592911877394636,1044.0,0,0,0,1,0,0,0
5.005968323639614e-05,1,0.525,1000.0,0,0,0,1,0,0,0
0.0,2,0.909314933464761,1014.5,0,0,0,1,0,0,0
0.0339473319233375,900,0.5000531228313672,1000.0,0,0,0,0,0,1,0
0.0234589728239889,600,0.4992744968771686,1000.0,0,0,0,0,0,1,0
0.0,750,0.5002204371963914,1000.0,0,0,0,0,0,1,0
0.0269670476002693,750,0.4990983344899375,1000.0,0,0,0,0,0,1,0
2.935439322318804e-05,6,0.5007336146722935,100.0,0,0,0,1,0,0,0
0.0,99472,0.0410050170961571,321.42896,0,0,0,0,1,0,0
0.0,2,0.5306930693069307,505.0,0,0,0,1,0,0,0
2.9919948587052267e-05,9,0.5964687881272877,100.0,0,0,0,1,0,0,0
0.0,98707,0.0408746947034302,322.93599,0,0,0,0,1,0,0
0.0,2,0.9408842523596622,1006.5,0,0,0,1,0,0,0
2.935439322318804e-05,6,0.4506892137842757,100.0,0,0,0,1,0,0,0
0.0123837244558323,300,0.4977433379597502,1000.0,0,0,0,0,0,1,0
0.0,2,0.9584694353709752,1071.5,0,0,0,1,0,0,0
0.0,2,0.47,100.0,0,0,0,1,0,0,0
0.0,2,0.4971870604781997,711.0,0,0,0,1,0,0,0
1.075887377750896e-05,3,0.0,9.867096646720109,0,0,0,1,0,0,0
5.005968323639614e-05,1,0.488,1000.0,0,0,0,1,0,0,0
2.888307272206684e-05,3,0.4101612,100.0,0,0,0,1,0,0,0
2.886862381699348e-05,2,0.4100768015360307,100.0,0,0,0,1,0,0,0
0.0,2,0.952686052242484,1014.5,0,0,0,1,0,0,0
3.4684754978663044e-05,43,0.5045668046970333,100.0,0,0,0,1,0,0,0
5.005968323639614e-05,1,0.513,1000.0,0,0,0,1,0,0,0
0.15200309344505,99133,0.0385778820394156,339.72653,0,0,0,0,1,0,0
0.0473057147783568,1350,0.4996309507286606,1000.0,0,0,0,0,0,1,0
0.0,5815,0.0461191013907048,13.02098022355976,0,0,0,0,0,1,0
0.0,98182,0.0462720099792369,319.63967,0,0,0,0,1,0,0
2.888307272206684e-05,3,0.4799906,100.0,0,0,0,1,0,0,0
0.0331668639351993,900,0.5000174878556558,1000.0,0,0,0,0,0,1,0
5.791048835254815e-05,115,0.0194289242167001,1.1429871852771818,0,0,0,0,1,0,0
0.1699250014423123,98582,0.0363798628196223,372.20921,0,0,0,0,1,0,0
0.0473057147783568,1350,0.4991377515614157,1000.0,0,0,0,0,0,1,0
0.0,2,0.5208845208845209,610.5,0,0,0,1,0,0,0
5.005968323639614e-05,1,0.514,1000.0,0,0,0,1,0,0,0
0.0374747054186629,1050,0.4999697432338654,1000.0,0,0,0,0,0,1,0
3.4684754978663044e-05,43,0.4362011642561363,100.0,0,0,0,1,0,0,0
0.0,2,0.9825,1000.0,0,0,0,1,0,0,0
0.0,2,0.9293129016312408,1011.5,0,0,0,1,0,0,0
0.0,99280,0.0421941194864483,338.69933,0,0,0,0,1,0,0
4.552596415249192e-05,225,0.0064685545173627,11.721752568589816,0,0,0,1,0,0,0
0.0,2,0.5035733919736118,909.5,0,0,0,1,0,0,0
0.0,2,0.5046524356869184,913.5,0,0,0,1,0,0,0
0.0,2,0.9797830374753452,1014.0,0,0,0,1,0,0,0
5.247022389286605e-05,235,0.0122312771763666,9.45642570847917,0,0,0,1,0,0,0
0.0,2,0.9018253576714356,1013.5,0,0,0,1,0,0,0
0.0418201756946269,1200,0.4999232824427481,1000.0,0,0,0,0,0,1,0
2.909509919100021e-05,5,0.4997994,100.0,0,0,0,1,0,0,0
2.9919948587052267e-05,9,0.4796985819149149,100.0,0,0,0,1,0,0,0
0.0,2,0.945705824284304,1013.0,0,0,0,1,0,0,0
0.0,2,0.5099337748344371,302.0,0,0,0,1,0,0,0
0.0,2,0.5427872860635696,204.5,0,0,0,1,0,0,0
0.1699250014423123,98891,0.0409038777705918,322.29756,0,0,0,0,1,0,0
0.0,2,0.9610261470152937,1013.5,0,0,0,1,0,0,0
0.0,2,0.514041514041514,409.5,0,0,0,1,0,0,0
2.8971816110340637e-05,4,0.599592608147837,100.0,0,0,0,1,0,0,0
0.0285691521967709,750,0.4993386537126995,1000.0,0,0,0,0,0,1,0
0.0,2,0.5168316831683168,505.0,0,0,0,1,0,0,0
0.1926450779423958,98277,0.0406982768491907,330.63734,0,0,0,0,1,0,0
1.019806698278522e-05,5,0.0,1.0108741673252797,0,0,0,1,0,0,0
2.888307272206684e-05,3,0.45004,100.0,0,0,0,1,0,0,0
2.8861116097790825e-05,2,0.4799976,100.0,0,0,0,1,0,0,0
0.0,300,0.4990024635669673,1000.0,0,0,0,0,0,1,0
0.0034390839667709,50664,0.0196278772470701,14.68305436378006,0,0,0,0,1,0,0
0.0,99716,0.0431544358265219,331.91165,0,0,0,0,1,0,0
0.0,2,0.5187007874015748,1016.0,0,0,0,1,0,0,0
0.0,1050,0.4992585704371964,1000.0,0,0,0,0,0,1,0
2.8861116097790825e-05,2,0.4799952,100.0,0,0,0,1,0,0,0
2.909509919100021e-05,5,0.5991732,100.0,0,0,0,1,0,0,0
0.0,98226,0.0439274093735701,323.63848,0,0,0,0,1,0,0
0.0,2,0.9402427637721756,1071.0,0,0,0,1,0,0,0
0.0,2,0.5454545454545454,203.5,0,0,0,1,0,0,0
0.0186156781673468,450,0.4988686328938237,1000.0,0,0,0,0,0,1,0
0.0,600,0.4993799791811242,1000.0,0,0,0,0,0,1,0
0.0,99641,0.0394148546036272,330.68294,0,0,0,0,1,0,0
2.888307272206684e-05,3,0.5000484,100.0,0,0,0,1,0,0,0
0.0285691521967709,750,0.4990143650242887,1000.0,0,0,0,0,0,1,0
3.4684754978663044e-05,43,0.498969773350137,100.0,0,0,0,1,0,0,0
0.0,2,0.5219000616903147,810.5,0,0,0,1,0,0,0
0.0,2,0.9645191409897292,1071.0,0,0,0,1,0,0,0
1.08922514347984e-05,4,0.0,11.77392175680253,0,0,0,1,0,0,0
4.742509298080642e-05,246,0.4629679176512997,100.0,0,0,0,1,0,0,0
0.0,2,0.5133991537376587,709.0,0,0,0,1,0,0,0
1.2399773447107992e-05,2,0.0,4.821024331037598,0,0,0,1,0,0,0
0.0,2,0.988,1000.0,0,0,0,1,0,0,0
2.9919948587052267e-05,9,0.4228315698941936,100.0,0,0,0,1,0,0,0
2.8971816110340637e-05,4,0.4799356012879742,100.0,0,0,0,1,0,0,0
0.0,2,0.9053921568627452,1020.0,0,0,0,1,0,0,0
0.1255308820838588,97951,0.0408470262863557,325.7089,0,0,0,0,1,0,0
0.0,1500,0.4990778625954198,1000.0,0,0,0,0,0,1,0
0.0,2,0.5049751243781094,201.0,0,0,0,1,0,0,0
0.0,2,0.5101032779524023,1113.5,0,0,0,1,0,0,0
0.0,2,0.9428289797930016,1014.5,0,0,0,1,0,0,0
2.935439322318804e-05,6,0.5480437608752176,100.0,0,0,0,1,0,0,0
0.1926450779423958,98689,0.0428511784749625,319.37208,0,0,0,0,1,0,0
2.909509919100021e-05,5,0.4503334,100.0,0,0,0,1,0,0,0
0.15200309344505,98636,0.0417067690085689,339.90118,0,0,0,0,1,0,0
0.0,2,0.5031982942430704,703.5,0,0,0,1,0,0,0
0.0,99507,0.0435656973429744,316.60253,0,0,0,0,1,0,0
2.935439322318804e-05,6,0.47979999599992,100.0,0,0,0,1,0,0,0
0.1154772174199358,98813,0.0423615899773121,307.36665,0,0,0,0,1,0,0
2.8861116097790825e-05,2,0.4200216,100.0,0,0,0,1,0,0,0
0.0,98378,0.0426898463467125,316.58418,0,0,0,0,1,0,0
0.1699250014423123,98484,0.0412715997857492,329.40836,0,0,0,0,1,0,0
0.0250909809628305,19849,0.0197564093613148,14.65539262730044,0,0,0,1,0,0,0
2.886862381699348e-05,2,0.5499423988479769,100.0,0,0,0,1,0,0,0
0.0,2,0.9525925925925924,1012.5,0,0,0,1,0,0,0
0.0,2,0.910167818361303,1013.0,0,0,0,1,0,0,0
0.0,2,0.9151960784313724,1020.0,0,0,0,1,0,0,0
0.0,2,0.5118012422360249,402.5,0,0,0,1,0,0,0
5.005968323639614e-05,1,0.515,1000.0,0,0,0,1,0,0,0
1.0271106608682193e-05,5,0.0,5.049974596364457,0,0,0,1,0,0,0
0.0,1050,0.4991484732824428,1000.0,0,0,0,0,0,1,0
0.0,2,0.9095849802371542,1012.0,0,0,0,1,0,0,0
0.0,2,0.47,100.0,0,0,0,1,0,0,0
0.0,2,0.505834829443447,1114.0,0,0,0,1,0,0,0
0.0,1350,0.499596773074254,1000.0,0,0,0,0,0,1,0
4.742509298080642e-05,246,0.4507740217086554,100.0,0,0,0,1,0,0,0
0.0,99428,0.0406473556223684,318.98016,0,0,0,0,1,0,0
0.0,2,0.984,1000.0,0,0,0,1,0,0,0
0.0,2,0.5049295774647887,710.0,0,0,0,1,0,0,0
2.886862381699348e-05,2,0.4500192003840076,100.0,0,0,0,1,0,0,0
0.0,1500,0.4992455933379597,1000.0,0,0,0,0,0,1,0
0.0,2,0.4839901477832512,406.0,0,0,0,1,0,0,0
0.0,450,0.4993742192921582,1000.0,0,0,0,0,0,1,0
0.0,1200,0.4999858778625954,1000.0,0,0,0,0,0,1,0
0.0,2,0.9362934362934364,1036.0,0,0,0,1,0,0,0
0.0,2,0.5234182415776499,608.5,0,0,0,1,0,0,0
0.0473057147783568,1350,0.4993992507265152,1000.0,0,0,0,0,0,1,0
0.0,450,0.4998546842470506,1000.0,0,0,0,0,0,1,0
0.1699250014423123,99077,0.0407806013401455,340.7988,0,0,0,0,1,0,0
3.4684754978663044e-05,43,0.5835047710496309,100.0,0,0,0,1,0,0,0
0.0,1500,0.4997399722414989,1000.0,0,0,0,0,0,1,0
0.0,2,0.9666829985301324,1020.5,0,0,0,1,0,0,0
0.0,900,0.4998019777931992,1000.0,0,0,0,0,0,1,0
0.0,2,0.9715267550319096,1018.5,0,0,0,1,0,0,0
0.0,2,0.495,200.0,0,0,0,1,0,0,0
0.0,98750,0.0416906216329097,341.85674,0,0,0,0,1,0,0
0.1926450779423958,98407,0.0376829440187325,361.46645,0,0,0,0,1,0,0
0.0430687218918859,1200,0.4992930603747397,1000.0,0,0,0,0,0,1,0
0.2630344058337938,98774,0.0430555987349644,323.26365,0,0,0,0,1,0,0
0.0995356735509143,99573,0.0404635269735975,330.60514,0,0,0,0,1,0,0
0.0,2,0.9268891069676152,1019.0,0,0,0,1,0,0,0
0.0,2,0.9025110782865584,1015.5,0,0,0,1,0,0,0
0.0,2,0.5049751243781094,603.0,0,0,0,1,0,0,0
0.0,2,0.8984721537703302,1014.5,0,0,0,1,0,0,0
0.0995356735509143,98889,0.0450966351350088,321.053,0,0,0,0,1,0,0
2.8912013966809636e-05,3,0.4103236,100.0,0,0,0,1,0,0,0
0.0,98925,0.0415572768988943,325.33893,0,0,0,0,1,0,0
0.0,2,0.937314906219151,1013.0,0,0,0,1,0,0,0
2.8912013966809636e-05,3,0.45008,100.0,0,0,0,1,0,0,0
0.2630344058337938,99402,0.0393875814888523,328.76276,0,0,0,0,1,0,0
0.0,2,0.9246943765281174,1022.5,0,0,0,1,0,0,0
0.1926450779423958,99523,0.040866022741306,350.22175,0,0,0,0,1,0,0
0.0,2,0.916791230692576,1003.5,0,0,0,1,0,0,0
0.0066027348242471,150,0.4982993754337266,1000.0,0,0,0,1,0,0,0
0.0384741478146356,1050,0.499219014573213,1000.0,0,0,0,0,0,1,0
0.0,750,0.5004091603053435,1000.0,0,0,0,0,0,1,0
0.0506260730699681,1500,0.4993412907702984,1000.0,0,0,0,0,0,1,0
3.122953126205422e-05,17,0.4531497889873392,100.0,0,0,0,1,0,0,0
2.8861116097790825e-05,2,0.500012,100.0,0,0,0,1,0,0,0
2.9919948587052267e-05,9,0.4591403484209052,100.0,0,0,0,1,0,0,0
0.0,2,0.9695,1000.0,0,0,0,1,0,0,0
0.0,2,0.5037037037037037,1012.5,0,0,0,1,0,0,0
2.888307272206684e-05,3,0.4200878,100.0,0,0,0,1,0,0,0
0.0,2,0.4894409937888199,402.5,0,0,0,1,0,0,0
0.0,2,0.5036964021685559,1014.5,0,0,0,1,0,0,0
0.0,2,0.5205900430239705,813.5,0,0,0,1,0,0,0
0.0,2,0.5128908392759188,911.5,0,0,0,1,0,0,0
2.9919948587052267e-05,9,0.5014100846050763,100.0,0,0,0,1,0,0,0
4.742509298080642e-05,246,0.4834952136820603,100.0,0,0,0,1,0,0,0
2.8861116097790825e-05,2,0.599976,100.0,0,0,0,1,0,0,0
9.355695609056425e-05,217,0.0210052765723214,14.460645534605398,0,0,0,1,0,0,0
1.0349504409240488e-05,9,0.0,1.0,0,0,0,1,0,0,0
3.98958848771367e-05,846,0.0156452191703832,13.823818730947274,0,0,0,1,0,0,0
0.0,2,0.9765,1000.0,0,0,0,1,0,0,0
0.0,2,0.9527791441219872,1016.5,0,0,0,1,0,0,0
0.0,98460,0.0410168580931998,320.74446,0,0,0,0,1,0,0
0.0,2,0.5384615384615384,305.5,0,0,0,1,0,0,0
0.0995356735509143,98963,0.0387460195129246,340.09971,0,0,0,0,1,0,0
0.0,2,0.986,1000.0,0,0,0,1,0,0,0
0.0,2,0.9631087063453024,1016.5,0,0,0,1,0,0,0
0.0127110517495539,300,0.4995941360166551,1000.0,0,0,0,0,0,1,0
0.0064840335701987,150,0.5008466342817488,1000.0,0,0,0,1,0,0,0
0.0,2,0.9194265941670786,1011.5,0,0,0,1,0,0,0
0.0186156781673468,450,0.4986105482303956,1000.0,0,0,0,0,0,1,0
0.0227200765000834,600,0.5002839694656489,1000.0,0,0,0,0,0,1,0
0.0347654181606766,900,0.4989412213740458,1000.0,0,0,0,0,0,1,0
0.0,98590,0.0379612788025304,350.60331,0,0,0,0,1,0,0
0.0,98041,0.0419214881129708,316.2018,0,0,0,0,1,0,0
1.2359724660892748e-05,2,0.0,4.176315343795868,0,0,0,1,0,0,0
0.0,2,0.5151515151515151,709.5,0,0,0,1,0,0,0
0.0065726539234861,150,0.4997723108952117,1000.0,0,0,0,1,0,0,0
0.0,2,0.9478425794215268,1054.5,0,0,0,1,0,0,0
0.0,2,0.999,1000.0,0,0,0,1,0,0,0
2.909509919100021e-05,5,0.5003752,100.0,0,0,0,1,0,0,0
2.9919948587052267e-05,9,0.5460247614856891,100.0,0,0,0,1,0,0,0
3.4684754978663044e-05,43,0.4800294064694232,100.0,0,0,0,1,0,0,0
0.1699250014423123,99337,0.037378787909479,360.38381,0,0,0,0,1,0,0
0.0,98629,0.0371192018349575,367.45483,0,0,0,0,1,0,0
0.0,2,0.4971287940935193,609.5,0,0,0,1,0,0,0
0.0,600,0.4992411172796669,1000.0,0,0,0,0,0,1,0
0.1154772174199358,99554,0.0383943499057796,342.09695,0,0,0,0,1,0,0
0.0,2,0.8974484789008832,1019.0,0,0,0,1,0,0,0
0.0,2,0.5148760330578512,605.0,0,0,0,1,0,0,0
0.0,2,0.5136138613861386,404.0,0,0,0,1,0,0,0
0.0473057147783568,1350,0.4999436849410132,1000.0,0,0,0,0,0,1,0
0.0,5815,0.053202327318829,30.384178847807394,0,0,0,0,0,1,0
0.1926450779423958,98423,0.0414246613811207,316.49963,0,0,0,0,1,0,0
0.0,2,0.4802631578947368,304.0,0,0,0,1,0,0,0
0.0,2,0.4950738916256157,203.0,0,0,0,1,0,0,0
0.0230836131130412,600,0.4988480222068008,1000.0,0,0,0,0,0,1,0
2.935439322318804e-05,6,0.4798729974599492,100.0,0,0,0,1,0,0,0
0.15200309344505,98723,0.040763625870885,328.91971,0,0,0,0,1,0,0
0.0,2,0.4966887417218543,302.0,0,0,0,1,0,0,0
0.0,2,0.5673076923076923,104.0,0,0,0,1,0,0,0
0.2630344058337938,99569,0.0380632364916796,348.83371,0,0,0,0,1,0,0
0.0,2,0.9665,1000.0,0,0,0,1,0,0,0
3.122953126205422e-05,17,0.5026395583735024,100.0,0,0,0,1,0,0,0
0.0,1050,0.4991130117973629,1000.0,0,0,0,0,0,1,0
0.0,2,0.9335956714215444,1016.5,0,0,0,1,0,0,0
7.818425911083502e-05,59,0.0020508645371394,10.938226826239132,0,0,0,1,0,0,0
4.742509298080642e-05,246,0.5187479472904234,100.0,0,0,0,1,0,0,0
0.0124909441831968,300,0.4997115891741845,1000.0,0,0,0,0,0,1,0
3.122953126205422e-05,17,0.5419181150869052,100.0,0,0,0,1,0,0,0
0.0130561528254462,300,0.5004892088827203,1000.0,0,0,0,0,0,1,0
0.0,2,0.999,1000.0,0,0,0,1,0,0,0
0.0324214776923774,900,0.4995038167938931,1000.0,0,0,0,0,0,1,0
2.8912013966809636e-05,3,0.4799818,100.0,0,0,0,1,0,0,0
0.0458036896131247,1350,0.4990594166870908,1000.0,0,0,0,0,0,1,0
0.0,2,0.9578637922586968,1020.5,0,0,0,1,0,0,0
0.0067891656626391,150,0.4983782789729354,1000.0,0,0,0,1,0,0,0
0.0,2,0.9079011148812408,1031.5,0,0,0,1,0,0,0
2.9919948587052267e-05,9,0.4158317499049943,100.0,0,0,0,1,0,0,0
2.8861116097790825e-05,2,0.459988,100.0,0,0,0,1,0,0,0
5.005968323639614e-05,1,0.494,1000.0,0,0,0,1,0,0,0
0.0,2,0.5107958050586058,810.5,0,0,0,1,0,0,0
0.0,99412,0.0440554054240079,326.16951,0,0,0,0,1,0,0
0.0,2,0.4977733795150915,1010.5,0,0,0,1,0,0,0
0.0,2,0.9765,1000.0,0,0,0,1,0,0,0
0.0,2,0.9257598405580468,1003.5,0,0,0,1,0,0,0
2.909509919100021e-05,5,0.5490342,100.0,0,0,0,1,0,0,0
4.742509298080642e-05,246,0.4670090519485721,100.0,0,0,0,1,0,0,0
0.0,2,0.5252774352651048,405.5,0,0,0,1,0,0,0
0.0,2,0.99,1000.0,0,0,0,1,0,0,0
0.0,1050,0.4998007286606523,1000.0,0,0,0,0,0,1,0
0.0,2,0.475,100.0,0,0,0,1,0,0,0
0.0,2,0.988574267262792,1006.5,0,0,0,1,0,0,0
0.0,2,0.9273715415019764,1012.0,0,0,0,1,0,0,0
0.0,2,0.506429277942631,1011.0,0,0,0,1,0,0,0
0.1699250014423123,98890,0.0402918426350604,323.7087,0,0,0,0,1,0,0
2.886862381699348e-05,2,0.4999855997119942,100.0,0,0,0,1,0,0,0
3.4684754978663044e-05,43,0.5337504250935206,100.0,0,0,0,1,0,0,0
0.0,99358,0.0388610913246081,342.11031,0,0,0,0,1,0,0
0.2630344058337938,99486,0.0439955211390244,319.66163,0,0,0,0,1,0,0
0.0,99444,0.0428810458902021,329.79676,0,0,0,0,1,0,0
1.0739572045240089e-05,3,0.0,9.868465620413232,0,0,0,1,0,0,0
0.0,2,0.5172981878088962,910.5,0,0,0,1,0,0,0
0.0238467419543676,600,0.4998210964607911,1000.0,0,0,0,0,0,1,0
2.886862381699348e-05,2,0.4799951999039981,100.0,0,0,0,1,0,0,0
0.0,1500,0.4999162734212352,1000.0,0,0,0,0,0,1,0
2.9919948587052267e-05,9,0.4514512870772246,100.0,0,0,0,1,0,0,0
2.935439322318804e-05,6,0.4594407888157763,100.0,0,0,0,1,0,0,0
0.0,2,0.5245700245700246,407.0,0,0,0,1,0,0,0
0.0,2,0.93310546875,1024.0,0,0,0,1,0,0,0
0.0067891656626391,150,0.4987892088827203,1000.0,0,0,0,1,0,0,0
0.0588936890535686,98549,0.0429775972538017,317.06961,0,0,0,0,1,0,0
0.0230836131130412,600,0.5001391047883414,1000.0,0,0,0,0,0,1,0
0.2630344058337938,99185,0.0343596062954819,407.14087,0,0,0,0,1,0,0
3.318561976726622e-05,79,0.00716523766729,7.263146381393248,0,0,0,1,0,0,0
0.0,2,0.9895,1000.0,0,0,0,1,0,0,0
0.0,450,0.498343095072866,1000.0,0,0,0,0,0,1,0
0.222392421336448,99745,0.0413898037249186,325.61087,0,0,0,0,1,0,0
0.0,2,0.5168447000821693,608.5,0,0,0,1,0,0,0
0.222392421336448,99380,0.0395591167614445,331.23237,0,0,0,0,1,0,0
3.4684754978663044e-05,43,0.4571147652483546,100.0,0,0,0,1,0,0,0
0.0,2,0.981,1000.0,0,0,0,1,0,0,0
2.935439322318804e-05,6,0.4213998279965599,100.0,0,0,0,1,0,0,0
2.886862381699348e-05,2,0.5999519990399808,100.0,0,0,0,1,0,0,0
0.0,98733,0.0412774190446575,322.39225,0,0,0,0,1,0,0
0.0,2,0.915603532875368,1019.0,0,0,0,1,0,0,0
0.0374747054186629,1050,0.4997498265093685,1000.0,0,0,0,0,0,1,0
0.0,2,0.514446793516561,709.5,0,0,0,1,0,0,0
0.0,2,0.942941465814068,1016.5,0,0,0,1,0,0,0
5.005968323639614e-05,1,0.504,1000.0,0,0,0,1,0,0,0
0.0,2,0.9775,1000.0,0,0,0,1,0,0,0
0.0,99594,0.0381594159999241,353.54105,0,0,0,0,1,0,0
2.8861116097790825e-05,2,0.5499712,100.0,0,0,0,1,0,0,0
0.0,2,0.9338271604938272,1012.5,0,0,0,1,0,0,0
2.886862381699348e-05,2,0.4799903998079962,100.0,0,0,0,1,0,0,0
0.1699250014423123,98694,0.0410479607727358,325.26561,0,0,0,0,1,0,0
0.0,2,0.999,1000.0,0,0,0,1,0,0,0
0.0,98795,0.0365885286413965,372.97291,0,0,0,0,1,0,0
4.742509298080642e-05,246,0.505805863740137,100.0,0,0,0,1,0,0,0
3.122953126205422e-05,17,0.4223589415364921,100.0,0,0,0,1,0,0,0
0.0,2,0.999,1000.0,0,0,0,1,0,0,0
0.0,99119,0.0423651425236784,327.71116,0,0,0,0,1,0,0
0.0,2,0.5231527093596059,507.5,0,0,0,1,0,0,0
0.0,2,0.5046324891908586,809.5,0,0,0,1,0,0,0
0.0066946525740083,150,0.4979073213046495,1000.0,0,0,0,1,0,0,0
0.0,2,0.9234567901234568,1012.5,0,0,0,1,0,0,0
0.0010127729730685,5245,0.1185844043168235,10.78487354634752,0,0,0,0,1,0,0
0.0,2,0.989,1000.0,0,0,0,1,0,0,0
0.0223678130284545,600,0.4990135669673837,1000.0,0,0,0,0,0,1,0
0.1926450779423958,99227,0.0438683115925523,328.61055,0,0,0,0,1,0,0
0.0,98800,0.0408885190085604,321.6656,0,0,0,0,1,0,0
0.0280143761695964,750,0.499710825815406,1000.0,0,0,0,0,0,1,0
2.935439322318804e-05,6,0.499629992599852,100.0,0,0,0,1,0,0,0
2.8971816110340637e-05,4,0.4998940021199576,100.0,0,0,0,1,0,0,0
0.0,2,0.9243902439024392,1025.0,0,0,0,1,0,0,0
4.742509298080642e-05,246,0.4999977970921616,100.0,0,0,0,1,0,0,0
0.0,2,0.9163797343826856,1016.5,0,0,0,1,0,0,0
3.122953126205422e-05,17,0.499036942216533,100.0,0,0,0,1,0,0,0
0.0,5815,0.0352809238509956,17.02098022355976,0,0,0,0,0,1,0
3.726401676255766e-05,9,5.103926144147124e-06,6.912879643220052,0,0,0,1,0,0,0
0.0,1050,0.4993379250520472,1000.0,0,0,0,0,0,1,0
3.4684754978663044e-05,43,0.4798359639120606,100.0,0,0,0,1,0,0,0
0.0,2,0.9378418697165588,1005.5,0,0,0,1,0,0,0
0.0,98966,0.0418244689812349,325.09821,0,0,0,0,1,0,0
0.0,2,0.9633663366336632,1010.0,0,0,0,1,0,0,0
0.0,1500,0.5000404233171408,1000.0,0,0,0,0,0,1,0
0.0172779914318354,450,0.500005412907703,1000.0,0,0,0,0,0,1,0
0.0,2,0.9249753208292202,1013.0,0,0,0,1,0,0,0
0.1699250014423123,98275,0.0409863045890955,349.95153,0,0,0,0,1,0,0
0.0,2,0.9925,1000.0,0,0,0,1,0,0,0
0.0285691521967709,750,0.499600693962526,1000.0,0,0,0,0,0,1,0
0.0130561528254462,300,0.499959333795975,1000.0,0,0,0,0,0,1,0
2.775240775477756e-05,526,0.0068066184466027,8.572647341086146,0,0,0,1,0,0,0
0.0,2,0.5129789864029666,404.5,0,0,0,1,0,0,0
2.886862381699348e-05,2,0.4200432008640173,100.0,0,0,0,1,0,0,0
5.005968323639614e-05,1,0.517,1000.0,0,0,0,1,0,0,0
0.012939055707498,300,0.4996331020124913,1000.0,0,0,0,0,0,1,0
0.0,2,0.934963325183374,1022.5,0,0,0,1,0,0,0
0.0186156781673468,450,0.4996377862595419,1000.0,0,0,0,0,0,1,0
0.0183785293148545,450,0.5008070437196391,1000.0,0,0,0,0,0,1,0
0.0,98003,0.0410825752191888,318.36125,0,0,0,0,1,0,0
2.9919948587052267e-05,9,0.479782786967218,100.0,0,0,0,1,0,0,0
0.0,2,0.999,1000.0,0,0,0,1,0,0,0
0.0,750,0.4996282442748092,1000.0,0,0,0,0,0,1,0
5.005968323639614e-05,1,0.503,1000.0,0,0,0,1,0,0,0
0.0,2,0.5145967342899554,1010.5,0,0,0,1,0,0,0
0.0,2,0.5040448039825762,803.5,0,0,0,1,0,0,0
0.0,2,0.5222112537018756,506.5,0,0,0,1,0,0,0
0.0,2,0.5057377049180328,610.0,0,0,0,1,0,0,0
0.0,99367,0.0412788754990007,311.96344,0,0,0,0,1,0,0
0.0,2,0.9895,1000.0,0,0,0,1,0,0,0
0.0,2,0.4883720930232558,301.0,0,0,0,1,0,0,0
0.0,2,0.9452322738386308,1022.5,0,0,0,1,0,0,0
1.0888552081728494e-05,2,0.0,4.065026250423394,0,0,0,1,0,0,0
2.909509919100021e-05,5,0.4798834,100.0,0,0,0,1,0,0,0
4.742509298080642e-05,246,0.4811981815997116,100.0,0,0,0,1,0,0,0
2.909509919100021e-05,5,0.4596828,100.0,0,0,0,1,0,0,0
2.8912013966809636e-05,3,0.4201734,100.0,0,0,0,1,0,0,0
0.01435529297707,5647,0.0254637720558727,26.56818572656922,0,0,0,0,0,1,0
0.0,98559,0.0419266188826979,350.84012,0,0,0,0,1,0,0
0.0250909809628305,24918,0.171840070001129,10.0,0,0,0,0,1,0,0
0.0,2,0.8989650073928044,1014.5,0,0,0,1,0,0,0
0.0,2,0.5083179297597042,811.5,0,0,0,1,0,0,0
0.0,2,0.5077017868145409,811.5,0,0,0,1,0,0,0
0.0,2,0.5053003533568905,707.5,0,0,0,1,0,0,0
1.0252202350786271e-05,182,0.0189137694100152,1.0629375070565654,0,0,0,1,0,0,0
0.0,1350,0.4991168632893824,1000.0,0,0,0,0,0,1,0
0.0339473319233375,900,0.4994746009715475,1000.0,0,0,0,0,0,1,0
0.222392421336448,99213,0.0400140691779868,329.77051,0,0,0,0,1,0,0
5.005968323639614e-05,1,0.515,1000.0,0,0,0,1,0,0,0
2.718193970714272e-05,11553,0.0191342543792119,9.532911821158406,0,0,0,1,0,0,0
0.0,2,0.4975369458128079,203.0,0,0,0,1,0,0,0
2.886862381699348e-05,2,0.4599759995199904,100.0,0,0,0,1,0,0,0
0.0,2,0.528052805280528,303.0,0,0,0,1,0,0,0
2.888307272206684e-05,3,0.549881,100.0,0,0,0,1,0,0,0
2.888307272206684e-05,3,0.5999,100.0,0,0,0,1,0,0,0
2.8971816110340637e-05,4,0.4106613867722645,100.0,0,0,0,1,0,0,0
0.1699250014423123,99288,0.0391093141594271,363.58858,0,0,0,0,1,0,0
2.8971816110340637e-05,4,0.4598288034239315,100.0,0,0,0,1,0,0,0
2.888307272206684e-05,3,0.4799822,100.0,0,0,0,1,0,0,0
2.8912013966809636e-05,3,0.549763,100.0,0,0,0,1,0,0,0
2.9919948587052267e-05,9,0.4993649618977138,100.0,0,0,0,1,0,0,0
0.0,2,0.5123762376237624,202.0,0,0,0,1,0,0,0
2.064665069888737e-05,28,0.0012842736134406,1.0055111775996386,0,0,0,0,1,0,0
0.0,2,0.9137677609015188,1020.5,0,0,0,1,0,0,0
0.0506260730699681,1500,0.4991786259541985,1000.0,0,0,0,0,0,1,0
0.0,2,0.523937360178971,1117.5,0,0,0,1,0,0,0
0.0,2,0.964,1000.0,0,0,0,1,0,0,0
3.122953126205422e-05,17,0.4797033822029322,100.0,0,0,0,1,0,0,0
2.935439322318804e-05,6,0.5983045660913219,100.0,0,0,0,1,0,0,0
1.666266325064699e-05,18,0.0017536935628992,6.007578751270182,0,0,0,1,0,0,0
2.8971816110340637e-05,4,0.5001901961960761,100.0,0,0,0,1,0,0,0
0.2630344058337938,99412,0.0438226338728697,324.26417,0,0,0,0,1,0,0
0.0,2,0.9013386217154188,1008.5,0,0,0,1,0,0,0
0.0,98610,0.040753405696564,324.56723,0,0,0,0,1,0,0
