DataSet,DataFile,Datatype,Compression,Encoding,Data Mean,Data Variance,Data Spread,Delta Mean,Delta Variance,Delta Spread,Repeat,Increase,Select Time,Insert Time
/home/srt_2022/client-py/data/learn/new_data50/new_data_int/value_mean/3,value_mean_30.csv,INT32,UNCOMPRESSED,RAKE,-19999.0481,1659.9960818587465,6713,-0.2115211521152115,49.89990544412545,385,0.0,0.5077507750775078,0.0052051973342895404,0.11634616374969482
/home/srt_2022/client-py/data/learn/new_data50/new_data_int/value_mean/3,value_mean_30.csv,INT32,UNCOMPRESSED,RLE,-19999.0481,1659.9960818587465,6713,-0.2115211521152115,49.89990544412545,385,0.0,0.5077507750775078,0.00552024364471434,0.11647100925445557
/home/srt_2022/client-py/data/learn/new_data50/new_data_int/value_mean/3,value_mean_30.csv,INT32,UNCOMPRESSED,TS_2DIFF,-19999.0481,1659.9960818587465,6713,-0.2115211521152115,49.89990544412545,385,0.0,0.5077507750775078,0.00602741241455078,0.1158733892440796
/home/srt_2022/client-py/data/learn/new_data50/new_data_int/value_mean/3,value_mean_30.csv,INT32,UNCOMPRESSED,GORILLA,-19999.0481,1659.9960818587465,6713,-0.2115211521152115,49.89990544412545,385,0.0,0.5077507750775078,0.0053771924972534,0.11364715576171876
/home/srt_2022/client-py/data/learn/new_data50/new_data_int/value_mean/3,value_mean_30.csv,INT32,UNCOMPRESSED,PLAIN,-19999.0481,1659.9960818587465,6713,-0.2115211521152115,49.89990544412545,385,0.0,0.5077507750775078,0.00544100761413574,0.11287771224975587
/home/srt_2022/client-py/data/learn/new_data50/new_data_int/value_mean/3,value_mean_30.csv,INT32,UNCOMPRESSED,SPRINTZ,-19999.0481,1659.9960818587465,6713,-0.2115211521152115,49.89990544412545,385,0.0,0.5077507750775078,0.00545016765594482,0.11556446075439453
/home/srt_2022/client-py/data/learn/new_data50/new_data_int/value_mean/3,value_mean_30.csv,INT32,UNCOMPRESSED,RLBE,-19999.0481,1659.9960818587465,6713,-0.2115211521152115,49.89990544412545,385,0.0,0.5077507750775078,0.00519177436828612,0.11399686336517334
/home/srt_2022/client-py/data/learn/new_data50/new_data_int/value_mean/3,value_mean_30.csv,INT32,GZIP,RAKE,-19999.0481,1659.9960818587465,6713,-0.2115211521152115,49.89990544412545,385,0.0,0.5077507750775078,0.0054389619827270395,0.1185462236404419
/home/srt_2022/client-py/data/learn/new_data50/new_data_int/value_mean/3,value_mean_30.csv,INT32,GZIP,RLE,-19999.0481,1659.9960818587465,6713,-0.2115211521152115,49.89990544412545,385,0.0,0.5077507750775078,0.00544490814208984,0.1097276258468628
/home/srt_2022/client-py/data/learn/new_data50/new_data_int/value_mean/3,value_mean_30.csv,INT32,GZIP,TS_2DIFF,-19999.0481,1659.9960818587465,6713,-0.2115211521152115,49.89990544412545,385,0.0,0.5077507750775078,0.005311183929443341,0.1117182445526123
/home/srt_2022/client-py/data/learn/new_data50/new_data_int/value_mean/3,value_mean_30.csv,INT32,GZIP,GORILLA,-19999.0481,1659.9960818587465,6713,-0.2115211521152115,49.89990544412545,385,0.0,0.5077507750775078,0.00530665397644042,0.11668256282806397
/home/srt_2022/client-py/data/learn/new_data50/new_data_int/value_mean/3,value_mean_30.csv,INT32,GZIP,PLAIN,-19999.0481,1659.9960818587465,6713,-0.2115211521152115,49.89990544412545,385,0.0,0.5077507750775078,0.0052532386779785,0.11507123947143554
/home/srt_2022/client-py/data/learn/new_data50/new_data_int/value_mean/3,value_mean_30.csv,INT32,GZIP,SPRINTZ,-19999.0481,1659.9960818587465,6713,-0.2115211521152115,49.89990544412545,385,0.0,0.5077507750775078,0.0055142593383789,0.11248626708984374
/home/srt_2022/client-py/data/learn/new_data50/new_data_int/value_mean/3,value_mean_30.csv,INT32,GZIP,RLBE,-19999.0481,1659.9960818587465,6713,-0.2115211521152115,49.89990544412545,385,0.0,0.5077507750775078,0.00531037807464598,0.11848837375640868
/home/srt_2022/client-py/data/learn/new_data50/new_data_int/value_mean/3,value_mean_30.csv,INT32,LZ4,RAKE,-19999.0481,1659.9960818587465,6713,-0.2115211521152115,49.89990544412545,385,0.0,0.5077507750775078,0.0054257011413574195,0.10688977718353272
/home/srt_2022/client-py/data/learn/new_data50/new_data_int/value_mean/3,value_mean_30.csv,INT32,LZ4,RLE,-19999.0481,1659.9960818587465,6713,-0.2115211521152115,49.89990544412545,385,0.0,0.5077507750775078,0.00551718711853026,0.11012123107910157
/home/srt_2022/client-py/data/learn/new_data50/new_data_int/value_mean/3,value_mean_30.csv,INT32,LZ4,TS_2DIFF,-19999.0481,1659.9960818587465,6713,-0.2115211521152115,49.89990544412545,385,0.0,0.5077507750775078,0.00697216987609862,0.11776085376739502
/home/srt_2022/client-py/data/learn/new_data50/new_data_int/value_mean/3,value_mean_30.csv,INT32,LZ4,GORILLA,-19999.0481,1659.9960818587465,6713,-0.2115211521152115,49.89990544412545,385,0.0,0.5077507750775078,0.0072770881652832005,0.11251120090484619
/home/srt_2022/client-py/data/learn/new_data50/new_data_int/value_mean/3,value_mean_30.csv,INT32,LZ4,PLAIN,-19999.0481,1659.9960818587465,6713,-0.2115211521152115,49.89990544412545,385,0.0,0.5077507750775078,0.00747435569763182,0.11560428619384766
/home/srt_2022/client-py/data/learn/new_data50/new_data_int/value_mean/3,value_mean_30.csv,INT32,LZ4,SPRINTZ,-19999.0481,1659.9960818587465,6713,-0.2115211521152115,49.89990544412545,385,0.0,0.5077507750775078,0.00520550727844238,0.11044368743896485
/home/srt_2022/client-py/data/learn/new_data50/new_data_int/value_mean/3,value_mean_30.csv,INT32,LZ4,RLBE,-19999.0481,1659.9960818587465,6713,-0.2115211521152115,49.89990544412545,385,0.0,0.5077507750775078,0.00527519226074218,0.11193334102630614
/home/srt_2022/client-py/data/learn/new_data50/new_data_int/value_mean/3,value_mean_30.csv,INT32,SNAPPY,RAKE,-19999.0481,1659.9960818587465,6713,-0.2115211521152115,49.89990544412545,385,0.0,0.5077507750775078,0.0051797866821289,0.11846632480621337
/home/srt_2022/client-py/data/learn/new_data50/new_data_int/value_mean/3,value_mean_30.csv,INT32,SNAPPY,RLE,-19999.0481,1659.9960818587465,6713,-0.2115211521152115,49.89990544412545,385,0.0,0.5077507750775078,0.00544921875,0.12154817581176758
/home/srt_2022/client-py/data/learn/new_data50/new_data_int/value_mean/3,value_mean_30.csv,INT32,SNAPPY,TS_2DIFF,-19999.0481,1659.9960818587465,6713,-0.2115211521152115,49.89990544412545,385,0.0,0.5077507750775078,0.0062407255172729405,0.11456294536590576
/home/srt_2022/client-py/data/learn/new_data50/new_data_int/value_mean/3,value_mean_30.csv,INT32,SNAPPY,GORILLA,-19999.0481,1659.9960818587465,6713,-0.2115211521152115,49.89990544412545,385,0.0,0.5077507750775078,0.00537883281707762,0.11998369216918944
/home/srt_2022/client-py/data/learn/new_data50/new_data_int/value_mean/3,value_mean_30.csv,INT32,SNAPPY,PLAIN,-19999.0481,1659.9960818587465,6713,-0.2115211521152115,49.89990544412545,385,0.0,0.5077507750775078,0.00541300773620604,0.11448706626892088
/home/srt_2022/client-py/data/learn/new_data50/new_data_int/value_mean/3,value_mean_30.csv,INT32,SNAPPY,SPRINTZ,-19999.0481,1659.9960818587465,6713,-0.2115211521152115,49.89990544412545,385,0.0,0.5077507750775078,0.0053269338607788,0.11622500896453858
/home/srt_2022/client-py/data/learn/new_data50/new_data_int/value_mean/3,value_mean_30.csv,INT32,SNAPPY,RLBE,-19999.0481,1659.9960818587465,6713,-0.2115211521152115,49.89990544412545,385,0.0,0.5077507750775078,0.00547281265258788,0.11004032135009764
/home/srt_2022/client-py/data/learn/new_data50/new_data_int/value_mean/9,value_mean_30.csv,INT32,UNCOMPRESSED,RAKE,39999.1555,1770.5366184069028,6937,0.0128012801280128,50.245627655085165,397,0.0,0.5068506850685068,0.0068480539321899405,0.10895512104034424
/home/srt_2022/client-py/data/learn/new_data50/new_data_int/value_mean/9,value_mean_30.csv,INT32,UNCOMPRESSED,RLE,39999.1555,1770.5366184069028,6937,0.0128012801280128,50.245627655085165,397,0.0,0.5068506850685068,0.0056981754302978405,0.1117930793762207
/home/srt_2022/client-py/data/learn/new_data50/new_data_int/value_mean/9,value_mean_30.csv,INT32,UNCOMPRESSED,TS_2DIFF,39999.1555,1770.5366184069028,6937,0.0128012801280128,50.245627655085165,397,0.0,0.5068506850685068,0.0055253601074218605,0.1159388256072998
/home/srt_2022/client-py/data/learn/new_data50/new_data_int/value_mean/9,value_mean_30.csv,INT32,UNCOMPRESSED,GORILLA,39999.1555,1770.5366184069028,6937,0.0128012801280128,50.245627655085165,397,0.0,0.5068506850685068,0.0054189395904541,0.1132261323928833
/home/srt_2022/client-py/data/learn/new_data50/new_data_int/value_mean/9,value_mean_30.csv,INT32,UNCOMPRESSED,PLAIN,39999.1555,1770.5366184069028,6937,0.0128012801280128,50.245627655085165,397,0.0,0.5068506850685068,0.00531168937683104,0.1160740327835083
/home/srt_2022/client-py/data/learn/new_data50/new_data_int/value_mean/9,value_mean_30.csv,INT32,UNCOMPRESSED,SPRINTZ,39999.1555,1770.5366184069028,6937,0.0128012801280128,50.245627655085165,397,0.0,0.5068506850685068,0.00557448863983154,0.1102280044555664
/home/srt_2022/client-py/data/learn/new_data50/new_data_int/value_mean/9,value_mean_30.csv,INT32,UNCOMPRESSED,RLBE,39999.1555,1770.5366184069028,6937,0.0128012801280128,50.245627655085165,397,0.0,0.5068506850685068,0.005326538085937501,0.11706713199615479
/home/srt_2022/client-py/data/learn/new_data50/new_data_int/value_mean/9,value_mean_30.csv,INT32,GZIP,RAKE,39999.1555,1770.5366184069028,6937,0.0128012801280128,50.245627655085165,397,0.0,0.5068506850685068,0.00661949634552,0.11411410331726075
/home/srt_2022/client-py/data/learn/new_data50/new_data_int/value_mean/9,value_mean_30.csv,INT32,GZIP,RLE,39999.1555,1770.5366184069028,6937,0.0128012801280128,50.245627655085165,397,0.0,0.5068506850685068,0.00541967391967772,0.11447046279907228
/home/srt_2022/client-py/data/learn/new_data50/new_data_int/value_mean/9,value_mean_30.csv,INT32,GZIP,TS_2DIFF,39999.1555,1770.5366184069028,6937,0.0128012801280128,50.245627655085165,397,0.0,0.5068506850685068,0.00532225608825682,0.11284348487854004
/home/srt_2022/client-py/data/learn/new_data50/new_data_int/value_mean/9,value_mean_30.csv,INT32,GZIP,GORILLA,39999.1555,1770.5366184069028,6937,0.0128012801280128,50.245627655085165,397,0.0,0.5068506850685068,0.00543422698974608,0.11080527305603027
/home/srt_2022/client-py/data/learn/new_data50/new_data_int/value_mean/9,value_mean_30.csv,INT32,GZIP,PLAIN,39999.1555,1770.5366184069028,6937,0.0128012801280128,50.245627655085165,397,0.0,0.5068506850685068,0.00582281112670898,0.11061328411102296
/home/srt_2022/client-py/data/learn/new_data50/new_data_int/value_mean/9,value_mean_30.csv,INT32,GZIP,SPRINTZ,39999.1555,1770.5366184069028,6937,0.0128012801280128,50.245627655085165,397,0.0,0.5068506850685068,0.00607823848724364,0.11215950489044188
/home/srt_2022/client-py/data/learn/new_data50/new_data_int/value_mean/9,value_mean_30.csv,INT32,GZIP,RLBE,39999.1555,1770.5366184069028,6937,0.0128012801280128,50.245627655085165,397,0.0,0.5068506850685068,0.0053675603866577,0.11077171802520751
/home/srt_2022/client-py/data/learn/new_data50/new_data_int/value_mean/9,value_mean_30.csv,INT32,LZ4,RAKE,39999.1555,1770.5366184069028,6937,0.0128012801280128,50.245627655085165,397,0.0,0.5068506850685068,0.0051999521255493,0.11184238910675048
/home/srt_2022/client-py/data/learn/new_data50/new_data_int/value_mean/9,value_mean_30.csv,INT32,LZ4,RLE,39999.1555,1770.5366184069028,6937,0.0128012801280128,50.245627655085165,397,0.0,0.5068506850685068,0.005152091979980461,0.1123337697982788
/home/srt_2022/client-py/data/learn/new_data50/new_data_int/value_mean/9,value_mean_30.csv,INT32,LZ4,TS_2DIFF,39999.1555,1770.5366184069028,6937,0.0128012801280128,50.245627655085165,397,0.0,0.5068506850685068,0.006869463920593261,0.11518426895141602
/home/srt_2022/client-py/data/learn/new_data50/new_data_int/value_mean/9,value_mean_30.csv,INT32,LZ4,GORILLA,39999.1555,1770.5366184069028,6937,0.0128012801280128,50.245627655085165,397,0.0,0.5068506850685068,0.00776449680328368,0.11406135559082031
/home/srt_2022/client-py/data/learn/new_data50/new_data_int/value_mean/9,value_mean_30.csv,INT32,LZ4,PLAIN,39999.1555,1770.5366184069028,6937,0.0128012801280128,50.245627655085165,397,0.0,0.5068506850685068,0.00712942600250244,0.11246108055114745
/home/srt_2022/client-py/data/learn/new_data50/new_data_int/value_mean/9,value_mean_30.csv,INT32,LZ4,SPRINTZ,39999.1555,1770.5366184069028,6937,0.0128012801280128,50.245627655085165,397,0.0,0.5068506850685068,0.0054135179519653204,0.11727405071258545
/home/srt_2022/client-py/data/learn/new_data50/new_data_int/value_mean/9,value_mean_30.csv,INT32,LZ4,RLBE,39999.1555,1770.5366184069028,6937,0.0128012801280128,50.245627655085165,397,0.0,0.5068506850685068,0.0054987335205078005,0.11352621555328368
/home/srt_2022/client-py/data/learn/new_data50/new_data_int/value_mean/9,value_mean_30.csv,INT32,SNAPPY,RAKE,39999.1555,1770.5366184069028,6937,0.0128012801280128,50.245627655085165,397,0.0,0.5068506850685068,0.00613037109375,0.11385863780975343
/home/srt_2022/client-py/data/learn/new_data50/new_data_int/value_mean/9,value_mean_30.csv,INT32,SNAPPY,RLE,39999.1555,1770.5366184069028,6937,0.0128012801280128,50.245627655085165,397,0.0,0.5068506850685068,0.00546420574188232,0.11502860069274903
/home/srt_2022/client-py/data/learn/new_data50/new_data_int/value_mean/9,value_mean_30.csv,INT32,SNAPPY,TS_2DIFF,39999.1555,1770.5366184069028,6937,0.0128012801280128,50.245627655085165,397,0.0,0.5068506850685068,0.00547335624694824,0.10874879360198975
/home/srt_2022/client-py/data/learn/new_data50/new_data_int/value_mean/9,value_mean_30.csv,INT32,SNAPPY,GORILLA,39999.1555,1770.5366184069028,6937,0.0128012801280128,50.245627655085165,397,0.0,0.5068506850685068,0.00556339740753172,0.11044997692108154
/home/srt_2022/client-py/data/learn/new_data50/new_data_int/value_mean/9,value_mean_30.csv,INT32,SNAPPY,PLAIN,39999.1555,1770.5366184069028,6937,0.0128012801280128,50.245627655085165,397,0.0,0.5068506850685068,0.00546020984649658,0.1183322286605835
/home/srt_2022/client-py/data/learn/new_data50/new_data_int/value_mean/9,value_mean_30.csv,INT32,SNAPPY,SPRINTZ,39999.1555,1770.5366184069028,6937,0.0128012801280128,50.245627655085165,397,0.0,0.5068506850685068,0.00524642944335936,0.1108881378173828
/home/srt_2022/client-py/data/learn/new_data50/new_data_int/value_mean/9,value_mean_30.csv,INT32,SNAPPY,RLBE,39999.1555,1770.5366184069028,6937,0.0128012801280128,50.245627655085165,397,0.0,0.5068506850685068,0.00511504173278808,0.11717632293701172
/home/srt_2022/client-py/data/learn/new_data50/new_data_int/value_mean/6,value_mean_30.csv,INT32,UNCOMPRESSED,RAKE,9999.213,1868.0466683760876,7483,0.3489348934893489,49.03899508472369,390,0.0,0.5059505950595059,0.00518717288970946,0.11493226051330567
/home/srt_2022/client-py/data/learn/new_data50/new_data_int/value_mean/6,value_mean_30.csv,INT32,UNCOMPRESSED,RLE,9999.213,1868.0466683760876,7483,0.3489348934893489,49.03899508472369,390,0.0,0.5059505950595059,0.0053191041946411,0.1131294059753418
/home/srt_2022/client-py/data/learn/new_data50/new_data_int/value_mean/6,value_mean_30.csv,INT32,UNCOMPRESSED,TS_2DIFF,9999.213,1868.0466683760876,7483,0.3489348934893489,49.03899508472369,390,0.0,0.5059505950595059,0.00552262306213378,0.11178377628326416
/home/srt_2022/client-py/data/learn/new_data50/new_data_int/value_mean/6,value_mean_30.csv,INT32,UNCOMPRESSED,GORILLA,9999.213,1868.0466683760876,7483,0.3489348934893489,49.03899508472369,390,0.0,0.5059505950595059,0.00539259910583496,0.11093270778656006
/home/srt_2022/client-py/data/learn/new_data50/new_data_int/value_mean/6,value_mean_30.csv,INT32,UNCOMPRESSED,PLAIN,9999.213,1868.0466683760876,7483,0.3489348934893489,49.03899508472369,390,0.0,0.5059505950595059,0.0053993511199951,0.11357508182525636
/home/srt_2022/client-py/data/learn/new_data50/new_data_int/value_mean/6,value_mean_30.csv,INT32,UNCOMPRESSED,SPRINTZ,9999.213,1868.0466683760876,7483,0.3489348934893489,49.03899508472369,390,0.0,0.5059505950595059,0.00523202419281004,0.11471988201141356
/home/srt_2022/client-py/data/learn/new_data50/new_data_int/value_mean/6,value_mean_30.csv,INT32,UNCOMPRESSED,RLBE,9999.213,1868.0466683760876,7483,0.3489348934893489,49.03899508472369,390,0.0,0.5059505950595059,0.00585004329681396,0.11764118671417237
/home/srt_2022/client-py/data/learn/new_data50/new_data_int/value_mean/6,value_mean_30.csv,INT32,GZIP,RAKE,9999.213,1868.0466683760876,7483,0.3489348934893489,49.03899508472369,390,0.0,0.5059505950595059,0.00575387954711914,0.11334843635559082
/home/srt_2022/client-py/data/learn/new_data50/new_data_int/value_mean/6,value_mean_30.csv,INT32,GZIP,RLE,9999.213,1868.0466683760876,7483,0.3489348934893489,49.03899508472369,390,0.0,0.5059505950595059,0.00578292369842528,0.11188202857971193
/home/srt_2022/client-py/data/learn/new_data50/new_data_int/value_mean/6,value_mean_30.csv,INT32,GZIP,TS_2DIFF,9999.213,1868.0466683760876,7483,0.3489348934893489,49.03899508472369,390,0.0,0.5059505950595059,0.00537296295166014,0.11045467376708984
/home/srt_2022/client-py/data/learn/new_data50/new_data_int/value_mean/6,value_mean_30.csv,INT32,GZIP,GORILLA,9999.213,1868.0466683760876,7483,0.3489348934893489,49.03899508472369,390,0.0,0.5059505950595059,0.00524175643920898,0.11473195552825928
/home/srt_2022/client-py/data/learn/new_data50/new_data_int/value_mean/6,value_mean_30.csv,INT32,GZIP,PLAIN,9999.213,1868.0466683760876,7483,0.3489348934893489,49.03899508472369,390,0.0,0.5059505950595059,0.00531747817993164,0.11285155296325684
/home/srt_2022/client-py/data/learn/new_data50/new_data_int/value_mean/6,value_mean_30.csv,INT32,GZIP,SPRINTZ,9999.213,1868.0466683760876,7483,0.3489348934893489,49.03899508472369,390,0.0,0.5059505950595059,0.00528926372528076,0.11948552131652831
/home/srt_2022/client-py/data/learn/new_data50/new_data_int/value_mean/6,value_mean_30.csv,INT32,GZIP,RLBE,9999.213,1868.0466683760876,7483,0.3489348934893489,49.03899508472369,390,0.0,0.5059505950595059,0.00526752471923828,0.11781559944152833
/home/srt_2022/client-py/data/learn/new_data50/new_data_int/value_mean/6,value_mean_30.csv,INT32,LZ4,RAKE,9999.213,1868.0466683760876,7483,0.3489348934893489,49.03899508472369,390,0.0,0.5059505950595059,0.00535700798034668,0.1133483076095581
/home/srt_2022/client-py/data/learn/new_data50/new_data_int/value_mean/6,value_mean_30.csv,INT32,LZ4,RLE,9999.213,1868.0466683760876,7483,0.3489348934893489,49.03899508472369,390,0.0,0.5059505950595059,0.0056506729125976405,0.10845752716064454
/home/srt_2022/client-py/data/learn/new_data50/new_data_int/value_mean/6,value_mean_30.csv,INT32,LZ4,TS_2DIFF,9999.213,1868.0466683760876,7483,0.3489348934893489,49.03899508472369,390,0.0,0.5059505950595059,0.00536386966705322,0.11444550037384034
/home/srt_2022/client-py/data/learn/new_data50/new_data_int/value_mean/6,value_mean_30.csv,INT32,LZ4,GORILLA,9999.213,1868.0466683760876,7483,0.3489348934893489,49.03899508472369,390,0.0,0.5059505950595059,0.00551316261291502,0.11103694438934326
/home/srt_2022/client-py/data/learn/new_data50/new_data_int/value_mean/6,value_mean_30.csv,INT32,LZ4,PLAIN,9999.213,1868.0466683760876,7483,0.3489348934893489,49.03899508472369,390,0.0,0.5059505950595059,0.00543548107147216,0.11363673210144043
/home/srt_2022/client-py/data/learn/new_data50/new_data_int/value_mean/6,value_mean_30.csv,INT32,LZ4,SPRINTZ,9999.213,1868.0466683760876,7483,0.3489348934893489,49.03899508472369,390,0.0,0.5059505950595059,0.00553035736083984,0.11372114658355711
/home/srt_2022/client-py/data/learn/new_data50/new_data_int/value_mean/6,value_mean_30.csv,INT32,LZ4,RLBE,9999.213,1868.0466683760876,7483,0.3489348934893489,49.03899508472369,390,0.0,0.5059505950595059,0.0052190589904785,0.11402925491333007
/home/srt_2022/client-py/data/learn/new_data50/new_data_int/value_mean/6,value_mean_30.csv,INT32,SNAPPY,RAKE,9999.213,1868.0466683760876,7483,0.3489348934893489,49.03899508472369,390,0.0,0.5059505950595059,0.0059039545059204005,0.10951154708862305
/home/srt_2022/client-py/data/learn/new_data50/new_data_int/value_mean/6,value_mean_30.csv,INT32,SNAPPY,RLE,9999.213,1868.0466683760876,7483,0.3489348934893489,49.03899508472369,390,0.0,0.5059505950595059,0.005322260856628401,0.111314115524292
/home/srt_2022/client-py/data/learn/new_data50/new_data_int/value_mean/6,value_mean_30.csv,INT32,SNAPPY,TS_2DIFF,9999.213,1868.0466683760876,7483,0.3489348934893489,49.03899508472369,390,0.0,0.5059505950595059,0.00532323837280272,0.10754833698272706
/home/srt_2022/client-py/data/learn/new_data50/new_data_int/value_mean/6,value_mean_30.csv,INT32,SNAPPY,GORILLA,9999.213,1868.0466683760876,7483,0.3489348934893489,49.03899508472369,390,0.0,0.5059505950595059,0.00536344051361084,0.11266489505767822
/home/srt_2022/client-py/data/learn/new_data50/new_data_int/value_mean/6,value_mean_30.csv,INT32,SNAPPY,PLAIN,9999.213,1868.0466683760876,7483,0.3489348934893489,49.03899508472369,390,0.0,0.5059505950595059,0.00524877071380614,0.11672985076904296
/home/srt_2022/client-py/data/learn/new_data50/new_data_int/value_mean/6,value_mean_30.csv,INT32,SNAPPY,SPRINTZ,9999.213,1868.0466683760876,7483,0.3489348934893489,49.03899508472369,390,0.0,0.5059505950595059,0.0060961484909057605,0.11352114200592041
/home/srt_2022/client-py/data/learn/new_data50/new_data_int/value_mean/6,value_mean_30.csv,INT32,SNAPPY,RLBE,9999.213,1868.0466683760876,7483,0.3489348934893489,49.03899508472369,390,0.0,0.5059505950595059,0.00524442195892334,0.10898635864257813
/home/srt_2022/client-py/data/learn/new_data50/new_data_int/value_mean/10,value_mean_30.csv,INT32,UNCOMPRESSED,RAKE,49999.1409,1716.880955584047,7214,-0.0368036803680368,50.07031405193589,365,0.0,0.5051505150515051,0.00594640731811522,0.1132168436050415
/home/srt_2022/client-py/data/learn/new_data50/new_data_int/value_mean/10,value_mean_30.csv,INT32,UNCOMPRESSED,RLE,49999.1409,1716.880955584047,7214,-0.0368036803680368,50.07031405193589,365,0.0,0.5051505150515051,0.00536649703979492,0.10920906066894531
/home/srt_2022/client-py/data/learn/new_data50/new_data_int/value_mean/10,value_mean_30.csv,INT32,UNCOMPRESSED,TS_2DIFF,49999.1409,1716.880955584047,7214,-0.0368036803680368,50.07031405193589,365,0.0,0.5051505150515051,0.0054070138931274405,0.11422104358673095
/home/srt_2022/client-py/data/learn/new_data50/new_data_int/value_mean/10,value_mean_30.csv,INT32,UNCOMPRESSED,GORILLA,49999.1409,1716.880955584047,7214,-0.0368036803680368,50.07031405193589,365,0.0,0.5051505150515051,0.0054639577865600395,0.11248715400695801
/home/srt_2022/client-py/data/learn/new_data50/new_data_int/value_mean/10,value_mean_30.csv,INT32,UNCOMPRESSED,PLAIN,49999.1409,1716.880955584047,7214,-0.0368036803680368,50.07031405193589,365,0.0,0.5051505150515051,0.00524820804595946,0.11911107063293458
/home/srt_2022/client-py/data/learn/new_data50/new_data_int/value_mean/10,value_mean_30.csv,INT32,UNCOMPRESSED,SPRINTZ,49999.1409,1716.880955584047,7214,-0.0368036803680368,50.07031405193589,365,0.0,0.5051505150515051,0.006273069381713859,0.1178574800491333
/home/srt_2022/client-py/data/learn/new_data50/new_data_int/value_mean/10,value_mean_30.csv,INT32,UNCOMPRESSED,RLBE,49999.1409,1716.880955584047,7214,-0.0368036803680368,50.07031405193589,365,0.0,0.5051505150515051,0.00638843059539794,0.11040172100067139
/home/srt_2022/client-py/data/learn/new_data50/new_data_int/value_mean/10,value_mean_30.csv,INT32,GZIP,RAKE,49999.1409,1716.880955584047,7214,-0.0368036803680368,50.07031405193589,365,0.0,0.5051505150515051,0.0061514902114868,0.11714795112609863
/home/srt_2022/client-py/data/learn/new_data50/new_data_int/value_mean/10,value_mean_30.csv,INT32,GZIP,RLE,49999.1409,1716.880955584047,7214,-0.0368036803680368,50.07031405193589,365,0.0,0.5051505150515051,0.0058992862701416,0.11603287220001221
/home/srt_2022/client-py/data/learn/new_data50/new_data_int/value_mean/10,value_mean_30.csv,INT32,GZIP,TS_2DIFF,49999.1409,1716.880955584047,7214,-0.0368036803680368,50.07031405193589,365,0.0,0.5051505150515051,0.005492219924926741,0.11490547180175781
/home/srt_2022/client-py/data/learn/new_data50/new_data_int/value_mean/10,value_mean_30.csv,INT32,GZIP,GORILLA,49999.1409,1716.880955584047,7214,-0.0368036803680368,50.07031405193589,365,0.0,0.5051505150515051,0.00542603969573974,0.11552165508270265
/home/srt_2022/client-py/data/learn/new_data50/new_data_int/value_mean/10,value_mean_30.csv,INT32,GZIP,PLAIN,49999.1409,1716.880955584047,7214,-0.0368036803680368,50.07031405193589,365,0.0,0.5051505150515051,0.0066154575347900394,0.1085665798187256
/home/srt_2022/client-py/data/learn/new_data50/new_data_int/value_mean/10,value_mean_30.csv,INT32,GZIP,SPRINTZ,49999.1409,1716.880955584047,7214,-0.0368036803680368,50.07031405193589,365,0.0,0.5051505150515051,0.007636623382568359,0.11495033264160157
/home/srt_2022/client-py/data/learn/new_data50/new_data_int/value_mean/10,value_mean_30.csv,INT32,GZIP,RLBE,49999.1409,1716.880955584047,7214,-0.0368036803680368,50.07031405193589,365,0.0,0.5051505150515051,0.005422153472900379,0.10876831531524658
/home/srt_2022/client-py/data/learn/new_data50/new_data_int/value_mean/10,value_mean_30.csv,INT32,LZ4,RAKE,49999.1409,1716.880955584047,7214,-0.0368036803680368,50.07031405193589,365,0.0,0.5051505150515051,0.00658242225646972,0.116973819732666
/home/srt_2022/client-py/data/learn/new_data50/new_data_int/value_mean/10,value_mean_30.csv,INT32,LZ4,RLE,49999.1409,1716.880955584047,7214,-0.0368036803680368,50.07031405193589,365,0.0,0.5051505150515051,0.00560368537902832,0.11166696548461914
/home/srt_2022/client-py/data/learn/new_data50/new_data_int/value_mean/10,value_mean_30.csv,INT32,LZ4,TS_2DIFF,49999.1409,1716.880955584047,7214,-0.0368036803680368,50.07031405193589,365,0.0,0.5051505150515051,0.0055561876296997,0.11754103660583497
/home/srt_2022/client-py/data/learn/new_data50/new_data_int/value_mean/10,value_mean_30.csv,INT32,LZ4,GORILLA,49999.1409,1716.880955584047,7214,-0.0368036803680368,50.07031405193589,365,0.0,0.5051505150515051,0.005221786499023421,0.11466202259063721
/home/srt_2022/client-py/data/learn/new_data50/new_data_int/value_mean/10,value_mean_30.csv,INT32,LZ4,PLAIN,49999.1409,1716.880955584047,7214,-0.0368036803680368,50.07031405193589,365,0.0,0.5051505150515051,0.0053313350677490195,0.117194504737854
/home/srt_2022/client-py/data/learn/new_data50/new_data_int/value_mean/10,value_mean_30.csv,INT32,LZ4,SPRINTZ,49999.1409,1716.880955584047,7214,-0.0368036803680368,50.07031405193589,365,0.0,0.5051505150515051,0.005601034164428699,0.11076742172241212
/home/srt_2022/client-py/data/learn/new_data50/new_data_int/value_mean/10,value_mean_30.csv,INT32,LZ4,RLBE,49999.1409,1716.880955584047,7214,-0.0368036803680368,50.07031405193589,365,0.0,0.5051505150515051,0.0056435918807983395,0.12261466979980469
/home/srt_2022/client-py/data/learn/new_data50/new_data_int/value_mean/10,value_mean_30.csv,INT32,SNAPPY,RAKE,49999.1409,1716.880955584047,7214,-0.0368036803680368,50.07031405193589,365,0.0,0.5051505150515051,0.00543382167816162,0.11533245086669922
/home/srt_2022/client-py/data/learn/new_data50/new_data_int/value_mean/10,value_mean_30.csv,INT32,SNAPPY,RLE,49999.1409,1716.880955584047,7214,-0.0368036803680368,50.07031405193589,365,0.0,0.5051505150515051,0.00543105125427246,0.11256346225738526
/home/srt_2022/client-py/data/learn/new_data50/new_data_int/value_mean/10,value_mean_30.csv,INT32,SNAPPY,TS_2DIFF,49999.1409,1716.880955584047,7214,-0.0368036803680368,50.07031405193589,365,0.0,0.5051505150515051,0.00540289878845214,0.11087855815887451
/home/srt_2022/client-py/data/learn/new_data50/new_data_int/value_mean/10,value_mean_30.csv,INT32,SNAPPY,GORILLA,49999.1409,1716.880955584047,7214,-0.0368036803680368,50.07031405193589,365,0.0,0.5051505150515051,0.0066681575775146395,0.11215822696685791
/home/srt_2022/client-py/data/learn/new_data50/new_data_int/value_mean/10,value_mean_30.csv,INT32,SNAPPY,PLAIN,49999.1409,1716.880955584047,7214,-0.0368036803680368,50.07031405193589,365,0.0,0.5051505150515051,0.0072317600250244,0.10720673084259033
/home/srt_2022/client-py/data/learn/new_data50/new_data_int/value_mean/10,value_mean_30.csv,INT32,SNAPPY,SPRINTZ,49999.1409,1716.880955584047,7214,-0.0368036803680368,50.07031405193589,365,0.0,0.5051505150515051,0.006663899421691879,0.11591344356536866
/home/srt_2022/client-py/data/learn/new_data50/new_data_int/value_mean/10,value_mean_30.csv,INT32,SNAPPY,RLBE,49999.1409,1716.880955584047,7214,-0.0368036803680368,50.07031405193589,365,0.0,0.5051505150515051,0.00534367561340332,0.11211833000183105
/home/srt_2022/client-py/data/learn/new_data50/new_data_int/value_mean/1,value_mean_30.csv,INT32,UNCOMPRESSED,RAKE,-39999.2799,2337.968676940731,8965,0.2035203520352035,49.71603415411936,364,0.0,0.5070507050705071,0.00536881446838378,0.10952340602874755
/home/srt_2022/client-py/data/learn/new_data50/new_data_int/value_mean/1,value_mean_30.csv,INT32,UNCOMPRESSED,RLE,-39999.2799,2337.968676940731,8965,0.2035203520352035,49.71603415411936,364,0.0,0.5070507050705071,0.00571708679199218,0.10686970710754395
/home/srt_2022/client-py/data/learn/new_data50/new_data_int/value_mean/1,value_mean_30.csv,INT32,UNCOMPRESSED,TS_2DIFF,-39999.2799,2337.968676940731,8965,0.2035203520352035,49.71603415411936,364,0.0,0.5070507050705071,0.00611111164093016,0.11574375629425049
/home/srt_2022/client-py/data/learn/new_data50/new_data_int/value_mean/1,value_mean_30.csv,INT32,UNCOMPRESSED,GORILLA,-39999.2799,2337.968676940731,8965,0.2035203520352035,49.71603415411936,364,0.0,0.5070507050705071,0.00574246406555174,0.1125714159011841
/home/srt_2022/client-py/data/learn/new_data50/new_data_int/value_mean/1,value_mean_30.csv,INT32,UNCOMPRESSED,PLAIN,-39999.2799,2337.968676940731,8965,0.2035203520352035,49.71603415411936,364,0.0,0.5070507050705071,0.00527360916137694,0.1098730993270874
/home/srt_2022/client-py/data/learn/new_data50/new_data_int/value_mean/1,value_mean_30.csv,INT32,UNCOMPRESSED,SPRINTZ,-39999.2799,2337.968676940731,8965,0.2035203520352035,49.71603415411936,364,0.0,0.5070507050705071,0.00539668083190918,0.11019115924835206
/home/srt_2022/client-py/data/learn/new_data50/new_data_int/value_mean/1,value_mean_30.csv,INT32,UNCOMPRESSED,RLBE,-39999.2799,2337.968676940731,8965,0.2035203520352035,49.71603415411936,364,0.0,0.5070507050705071,0.00531917572021484,0.11464720249176026
/home/srt_2022/client-py/data/learn/new_data50/new_data_int/value_mean/1,value_mean_30.csv,INT32,GZIP,RAKE,-39999.2799,2337.968676940731,8965,0.2035203520352035,49.71603415411936,364,0.0,0.5070507050705071,0.00522463798522948,0.1115960454940796
/home/srt_2022/client-py/data/learn/new_data50/new_data_int/value_mean/1,value_mean_30.csv,INT32,GZIP,RLE,-39999.2799,2337.968676940731,8965,0.2035203520352035,49.71603415411936,364,0.0,0.5070507050705071,0.00521382808685302,0.117750244140625
/home/srt_2022/client-py/data/learn/new_data50/new_data_int/value_mean/1,value_mean_30.csv,INT32,GZIP,TS_2DIFF,-39999.2799,2337.968676940731,8965,0.2035203520352035,49.71603415411936,364,0.0,0.5070507050705071,0.0054364776611328,0.1125574779510498
/home/srt_2022/client-py/data/learn/new_data50/new_data_int/value_mean/1,value_mean_30.csv,INT32,GZIP,GORILLA,-39999.2799,2337.968676940731,8965,0.2035203520352035,49.71603415411936,364,0.0,0.5070507050705071,0.00540519714355468,0.11897347927093507
/home/srt_2022/client-py/data/learn/new_data50/new_data_int/value_mean/1,value_mean_30.csv,INT32,GZIP,PLAIN,-39999.2799,2337.968676940731,8965,0.2035203520352035,49.71603415411936,364,0.0,0.5070507050705071,0.00527536869049072,0.1128138256072998
/home/srt_2022/client-py/data/learn/new_data50/new_data_int/value_mean/1,value_mean_30.csv,INT32,GZIP,SPRINTZ,-39999.2799,2337.968676940731,8965,0.2035203520352035,49.71603415411936,364,0.0,0.5070507050705071,0.00526626110076904,0.11196276664733887
/home/srt_2022/client-py/data/learn/new_data50/new_data_int/value_mean/1,value_mean_30.csv,INT32,GZIP,RLBE,-39999.2799,2337.968676940731,8965,0.2035203520352035,49.71603415411936,364,0.0,0.5070507050705071,0.0056561946868896405,0.11278208255767823
/home/srt_2022/client-py/data/learn/new_data50/new_data_int/value_mean/1,value_mean_30.csv,INT32,LZ4,RAKE,-39999.2799,2337.968676940731,8965,0.2035203520352035,49.71603415411936,364,0.0,0.5070507050705071,0.0053225088119506795,0.11604912757873535
/home/srt_2022/client-py/data/learn/new_data50/new_data_int/value_mean/1,value_mean_30.csv,INT32,LZ4,RLE,-39999.2799,2337.968676940731,8965,0.2035203520352035,49.71603415411936,364,0.0,0.5070507050705071,0.00522328376770018,0.1165491485595703
/home/srt_2022/client-py/data/learn/new_data50/new_data_int/value_mean/1,value_mean_30.csv,INT32,LZ4,TS_2DIFF,-39999.2799,2337.968676940731,8965,0.2035203520352035,49.71603415411936,364,0.0,0.5070507050705071,0.00528841972351074,0.11817227363586427
/home/srt_2022/client-py/data/learn/new_data50/new_data_int/value_mean/1,value_mean_30.csv,INT32,LZ4,GORILLA,-39999.2799,2337.968676940731,8965,0.2035203520352035,49.71603415411936,364,0.0,0.5070507050705071,0.00566968917846678,0.11838995933532714
/home/srt_2022/client-py/data/learn/new_data50/new_data_int/value_mean/1,value_mean_30.csv,INT32,LZ4,PLAIN,-39999.2799,2337.968676940731,8965,0.2035203520352035,49.71603415411936,364,0.0,0.5070507050705071,0.0054182195663452,0.11315443992614746
/home/srt_2022/client-py/data/learn/new_data50/new_data_int/value_mean/1,value_mean_30.csv,INT32,LZ4,SPRINTZ,-39999.2799,2337.968676940731,8965,0.2035203520352035,49.71603415411936,364,0.0,0.5070507050705071,0.00537028789520262,0.11745637416839601
/home/srt_2022/client-py/data/learn/new_data50/new_data_int/value_mean/1,value_mean_30.csv,INT32,LZ4,RLBE,-39999.2799,2337.968676940731,8965,0.2035203520352035,49.71603415411936,364,0.0,0.5070507050705071,0.00560469150543212,0.11082293033599852
/home/srt_2022/client-py/data/learn/new_data50/new_data_int/value_mean/1,value_mean_30.csv,INT32,SNAPPY,RAKE,-39999.2799,2337.968676940731,8965,0.2035203520352035,49.71603415411936,364,0.0,0.5070507050705071,0.00538493156433104,0.11102334976196289
/home/srt_2022/client-py/data/learn/new_data50/new_data_int/value_mean/1,value_mean_30.csv,INT32,SNAPPY,RLE,-39999.2799,2337.968676940731,8965,0.2035203520352035,49.71603415411936,364,0.0,0.5070507050705071,0.00542904376983642,0.10781310558319093
/home/srt_2022/client-py/data/learn/new_data50/new_data_int/value_mean/1,value_mean_30.csv,INT32,SNAPPY,TS_2DIFF,-39999.2799,2337.968676940731,8965,0.2035203520352035,49.71603415411936,364,0.0,0.5070507050705071,0.0056755256652832,0.1145902967453003
/home/srt_2022/client-py/data/learn/new_data50/new_data_int/value_mean/1,value_mean_30.csv,INT32,SNAPPY,GORILLA,-39999.2799,2337.968676940731,8965,0.2035203520352035,49.71603415411936,364,0.0,0.5070507050705071,0.0051757001876831,0.11148473262786865
/home/srt_2022/client-py/data/learn/new_data50/new_data_int/value_mean/1,value_mean_30.csv,INT32,SNAPPY,PLAIN,-39999.2799,2337.968676940731,8965,0.2035203520352035,49.71603415411936,364,0.0,0.5070507050705071,0.00547903537750244,0.10812809467315673
/home/srt_2022/client-py/data/learn/new_data50/new_data_int/value_mean/1,value_mean_30.csv,INT32,SNAPPY,SPRINTZ,-39999.2799,2337.968676940731,8965,0.2035203520352035,49.71603415411936,364,0.0,0.5070507050705071,0.00584616184234618,0.10628340721130372
/home/srt_2022/client-py/data/learn/new_data50/new_data_int/value_mean/1,value_mean_30.csv,INT32,SNAPPY,RLBE,-39999.2799,2337.968676940731,8965,0.2035203520352035,49.71603415411936,364,0.0,0.5070507050705071,0.00559960842132568,0.11439686775207521
/home/srt_2022/client-py/data/learn/new_data50/new_data_int/value_mean/2,value_mean_30.csv,INT32,UNCOMPRESSED,RAKE,-29999.5851,2545.175910218779,8123,0.6361636163616362,50.4039352828014,367,0.0,0.5045504550455046,0.00551488876342772,0.11422662258148193
/home/srt_2022/client-py/data/learn/new_data50/new_data_int/value_mean/2,value_mean_30.csv,INT32,UNCOMPRESSED,RLE,-29999.5851,2545.175910218779,8123,0.6361636163616362,50.4039352828014,367,0.0,0.5045504550455046,0.00572782039642334,0.11168880939483643
/home/srt_2022/client-py/data/learn/new_data50/new_data_int/value_mean/2,value_mean_30.csv,INT32,UNCOMPRESSED,TS_2DIFF,-29999.5851,2545.175910218779,8123,0.6361636163616362,50.4039352828014,367,0.0,0.5045504550455046,0.005581188201904281,0.11202964305877686
/home/srt_2022/client-py/data/learn/new_data50/new_data_int/value_mean/2,value_mean_30.csv,INT32,UNCOMPRESSED,GORILLA,-29999.5851,2545.175910218779,8123,0.6361636163616362,50.4039352828014,367,0.0,0.5045504550455046,0.00536764621734618,0.11226773262023926
/home/srt_2022/client-py/data/learn/new_data50/new_data_int/value_mean/2,value_mean_30.csv,INT32,UNCOMPRESSED,PLAIN,-29999.5851,2545.175910218779,8123,0.6361636163616362,50.4039352828014,367,0.0,0.5045504550455046,0.00529603481292724,0.12080825805664061
/home/srt_2022/client-py/data/learn/new_data50/new_data_int/value_mean/2,value_mean_30.csv,INT32,UNCOMPRESSED,SPRINTZ,-29999.5851,2545.175910218779,8123,0.6361636163616362,50.4039352828014,367,0.0,0.5045504550455046,0.00549349784851074,0.11220602512359619
/home/srt_2022/client-py/data/learn/new_data50/new_data_int/value_mean/2,value_mean_30.csv,INT32,UNCOMPRESSED,RLBE,-29999.5851,2545.175910218779,8123,0.6361636163616362,50.4039352828014,367,0.0,0.5045504550455046,0.00700788497924804,0.11447376251220702
/home/srt_2022/client-py/data/learn/new_data50/new_data_int/value_mean/2,value_mean_30.csv,INT32,GZIP,RAKE,-29999.5851,2545.175910218779,8123,0.6361636163616362,50.4039352828014,367,0.0,0.5045504550455046,0.00535499572753906,0.11273050308227539
/home/srt_2022/client-py/data/learn/new_data50/new_data_int/value_mean/2,value_mean_30.csv,INT32,GZIP,RLE,-29999.5851,2545.175910218779,8123,0.6361636163616362,50.4039352828014,367,0.0,0.5045504550455046,0.00572294235229492,0.1130425262451172
/home/srt_2022/client-py/data/learn/new_data50/new_data_int/value_mean/2,value_mean_30.csv,INT32,GZIP,TS_2DIFF,-29999.5851,2545.175910218779,8123,0.6361636163616362,50.4039352828014,367,0.0,0.5045504550455046,0.006983222961425779,0.11209484100341797
/home/srt_2022/client-py/data/learn/new_data50/new_data_int/value_mean/2,value_mean_30.csv,INT32,GZIP,GORILLA,-29999.5851,2545.175910218779,8123,0.6361636163616362,50.4039352828014,367,0.0,0.5045504550455046,0.007441930770874019,0.11516755580902101
/home/srt_2022/client-py/data/learn/new_data50/new_data_int/value_mean/2,value_mean_30.csv,INT32,GZIP,PLAIN,-29999.5851,2545.175910218779,8123,0.6361636163616362,50.4039352828014,367,0.0,0.5045504550455046,0.00991751670837402,0.11266329765319824
/home/srt_2022/client-py/data/learn/new_data50/new_data_int/value_mean/2,value_mean_30.csv,INT32,GZIP,SPRINTZ,-29999.5851,2545.175910218779,8123,0.6361636163616362,50.4039352828014,367,0.0,0.5045504550455046,0.0059714889526367,0.113573899269104
/home/srt_2022/client-py/data/learn/new_data50/new_data_int/value_mean/2,value_mean_30.csv,INT32,GZIP,RLBE,-29999.5851,2545.175910218779,8123,0.6361636163616362,50.4039352828014,367,0.0,0.5045504550455046,0.00535781860351562,0.1128362512588501
/home/srt_2022/client-py/data/learn/new_data50/new_data_int/value_mean/2,value_mean_30.csv,INT32,LZ4,RAKE,-29999.5851,2545.175910218779,8123,0.6361636163616362,50.4039352828014,367,0.0,0.5045504550455046,0.0060794782638549805,0.10935644626617431
/home/srt_2022/client-py/data/learn/new_data50/new_data_int/value_mean/2,value_mean_30.csv,INT32,LZ4,RLE,-29999.5851,2545.175910218779,8123,0.6361636163616362,50.4039352828014,367,0.0,0.5045504550455046,0.00737530708312988,0.11733158588409424
/home/srt_2022/client-py/data/learn/new_data50/new_data_int/value_mean/2,value_mean_30.csv,INT32,LZ4,TS_2DIFF,-29999.5851,2545.175910218779,8123,0.6361636163616362,50.4039352828014,367,0.0,0.5045504550455046,0.0052938222885131805,0.11066477298736573
/home/srt_2022/client-py/data/learn/new_data50/new_data_int/value_mean/2,value_mean_30.csv,INT32,LZ4,GORILLA,-29999.5851,2545.175910218779,8123,0.6361636163616362,50.4039352828014,367,0.0,0.5045504550455046,0.00622304916381834,0.1137323760986328
/home/srt_2022/client-py/data/learn/new_data50/new_data_int/value_mean/2,value_mean_30.csv,INT32,LZ4,PLAIN,-29999.5851,2545.175910218779,8123,0.6361636163616362,50.4039352828014,367,0.0,0.5045504550455046,0.0052762508392333795,0.11188859462738036
/home/srt_2022/client-py/data/learn/new_data50/new_data_int/value_mean/2,value_mean_30.csv,INT32,LZ4,SPRINTZ,-29999.5851,2545.175910218779,8123,0.6361636163616362,50.4039352828014,367,0.0,0.5045504550455046,0.0053879976272583,0.11358919143676757
/home/srt_2022/client-py/data/learn/new_data50/new_data_int/value_mean/2,value_mean_30.csv,INT32,LZ4,RLBE,-29999.5851,2545.175910218779,8123,0.6361636163616362,50.4039352828014,367,0.0,0.5045504550455046,0.00637178421020506,0.11023985385894775
/home/srt_2022/client-py/data/learn/new_data50/new_data_int/value_mean/2,value_mean_30.csv,INT32,SNAPPY,RAKE,-29999.5851,2545.175910218779,8123,0.6361636163616362,50.4039352828014,367,0.0,0.5045504550455046,0.00519754886627196,0.11035751342773437
/home/srt_2022/client-py/data/learn/new_data50/new_data_int/value_mean/2,value_mean_30.csv,INT32,SNAPPY,RLE,-29999.5851,2545.175910218779,8123,0.6361636163616362,50.4039352828014,367,0.0,0.5045504550455046,0.00514756679534912,0.11445041656494141
/home/srt_2022/client-py/data/learn/new_data50/new_data_int/value_mean/2,value_mean_30.csv,INT32,SNAPPY,TS_2DIFF,-29999.5851,2545.175910218779,8123,0.6361636163616362,50.4039352828014,367,0.0,0.5045504550455046,0.00515993118286132,0.1103103256225586
/home/srt_2022/client-py/data/learn/new_data50/new_data_int/value_mean/2,value_mean_30.csv,INT32,SNAPPY,GORILLA,-29999.5851,2545.175910218779,8123,0.6361636163616362,50.4039352828014,367,0.0,0.5045504550455046,0.00548366546630858,0.11205344200134278
/home/srt_2022/client-py/data/learn/new_data50/new_data_int/value_mean/2,value_mean_30.csv,INT32,SNAPPY,PLAIN,-29999.5851,2545.175910218779,8123,0.6361636163616362,50.4039352828014,367,0.0,0.5045504550455046,0.00525850296020506,0.10678075313568117
/home/srt_2022/client-py/data/learn/new_data50/new_data_int/value_mean/2,value_mean_30.csv,INT32,SNAPPY,SPRINTZ,-29999.5851,2545.175910218779,8123,0.6361636163616362,50.4039352828014,367,0.0,0.5045504550455046,0.00550219058990478,0.12222996711730957
/home/srt_2022/client-py/data/learn/new_data50/new_data_int/value_mean/2,value_mean_30.csv,INT32,SNAPPY,RLBE,-29999.5851,2545.175910218779,8123,0.6361636163616362,50.4039352828014,367,0.0,0.5045504550455046,0.00599217414855956,0.11729280948638916
/home/srt_2022/client-py/data/learn/new_data50/new_data_int/value_mean/7,value_mean_30.csv,INT32,UNCOMPRESSED,RAKE,19999.6961,1579.1739404969896,6787,0.0644064406440644,50.49699047299656,370,0.0,0.504950495049505,0.005497412681579579,0.11306678771972656
/home/srt_2022/client-py/data/learn/new_data50/new_data_int/value_mean/7,value_mean_30.csv,INT32,UNCOMPRESSED,RLE,19999.6961,1579.1739404969896,6787,0.0644064406440644,50.49699047299656,370,0.0,0.504950495049505,0.00527392387390136,0.11885245800018311
/home/srt_2022/client-py/data/learn/new_data50/new_data_int/value_mean/7,value_mean_30.csv,INT32,UNCOMPRESSED,TS_2DIFF,19999.6961,1579.1739404969896,6787,0.0644064406440644,50.49699047299656,370,0.0,0.504950495049505,0.0060110855102539,0.11221340179443359
/home/srt_2022/client-py/data/learn/new_data50/new_data_int/value_mean/7,value_mean_30.csv,INT32,UNCOMPRESSED,GORILLA,19999.6961,1579.1739404969896,6787,0.0644064406440644,50.49699047299656,370,0.0,0.504950495049505,0.00636891365051268,0.11680182933807373
/home/srt_2022/client-py/data/learn/new_data50/new_data_int/value_mean/7,value_mean_30.csv,INT32,UNCOMPRESSED,PLAIN,19999.6961,1579.1739404969896,6787,0.0644064406440644,50.49699047299656,370,0.0,0.504950495049505,0.00536192893981932,0.1161480140686035
/home/srt_2022/client-py/data/learn/new_data50/new_data_int/value_mean/7,value_mean_30.csv,INT32,UNCOMPRESSED,SPRINTZ,19999.6961,1579.1739404969896,6787,0.0644064406440644,50.49699047299656,370,0.0,0.504950495049505,0.00499403476715086,0.11143411159515382
/home/srt_2022/client-py/data/learn/new_data50/new_data_int/value_mean/7,value_mean_30.csv,INT32,UNCOMPRESSED,RLBE,19999.6961,1579.1739404969896,6787,0.0644064406440644,50.49699047299656,370,0.0,0.504950495049505,0.00538718223571776,0.11158358573913574
/home/srt_2022/client-py/data/learn/new_data50/new_data_int/value_mean/7,value_mean_30.csv,INT32,GZIP,RAKE,19999.6961,1579.1739404969896,6787,0.0644064406440644,50.49699047299656,370,0.0,0.504950495049505,0.00606139183044432,0.11727226734161378
/home/srt_2022/client-py/data/learn/new_data50/new_data_int/value_mean/7,value_mean_30.csv,INT32,GZIP,RLE,19999.6961,1579.1739404969896,6787,0.0644064406440644,50.49699047299656,370,0.0,0.504950495049505,0.0056653451919555595,0.11255302906036377
/home/srt_2022/client-py/data/learn/new_data50/new_data_int/value_mean/7,value_mean_30.csv,INT32,GZIP,TS_2DIFF,19999.6961,1579.1739404969896,6787,0.0644064406440644,50.49699047299656,370,0.0,0.504950495049505,0.0053884172439575195,0.11827809333801269
/home/srt_2022/client-py/data/learn/new_data50/new_data_int/value_mean/7,value_mean_30.csv,INT32,GZIP,GORILLA,19999.6961,1579.1739404969896,6787,0.0644064406440644,50.49699047299656,370,0.0,0.504950495049505,0.00528732299804686,0.11948659896850586
/home/srt_2022/client-py/data/learn/new_data50/new_data_int/value_mean/7,value_mean_30.csv,INT32,GZIP,PLAIN,19999.6961,1579.1739404969896,6787,0.0644064406440644,50.49699047299656,370,0.0,0.504950495049505,0.00558966159820556,0.11323809146881103
/home/srt_2022/client-py/data/learn/new_data50/new_data_int/value_mean/7,value_mean_30.csv,INT32,GZIP,SPRINTZ,19999.6961,1579.1739404969896,6787,0.0644064406440644,50.49699047299656,370,0.0,0.504950495049505,0.00553166389465332,0.11418667793273926
/home/srt_2022/client-py/data/learn/new_data50/new_data_int/value_mean/7,value_mean_30.csv,INT32,GZIP,RLBE,19999.6961,1579.1739404969896,6787,0.0644064406440644,50.49699047299656,370,0.0,0.504950495049505,0.0059244918823242,0.115828537940979
/home/srt_2022/client-py/data/learn/new_data50/new_data_int/value_mean/7,value_mean_30.csv,INT32,LZ4,RAKE,19999.6961,1579.1739404969896,6787,0.0644064406440644,50.49699047299656,370,0.0,0.504950495049505,0.00591425418853758,0.1148449993133545
/home/srt_2022/client-py/data/learn/new_data50/new_data_int/value_mean/7,value_mean_30.csv,INT32,LZ4,RLE,19999.6961,1579.1739404969896,6787,0.0644064406440644,50.49699047299656,370,0.0,0.504950495049505,0.00523830890655516,0.11126112937927246
/home/srt_2022/client-py/data/learn/new_data50/new_data_int/value_mean/7,value_mean_30.csv,INT32,LZ4,TS_2DIFF,19999.6961,1579.1739404969896,6787,0.0644064406440644,50.49699047299656,370,0.0,0.504950495049505,0.00525675296783446,0.11662889480590821
/home/srt_2022/client-py/data/learn/new_data50/new_data_int/value_mean/7,value_mean_30.csv,INT32,LZ4,GORILLA,19999.6961,1579.1739404969896,6787,0.0644064406440644,50.49699047299656,370,0.0,0.504950495049505,0.0051445388793945205,0.11143996715545654
/home/srt_2022/client-py/data/learn/new_data50/new_data_int/value_mean/7,value_mean_30.csv,INT32,LZ4,PLAIN,19999.6961,1579.1739404969896,6787,0.0644064406440644,50.49699047299656,370,0.0,0.504950495049505,0.00582869052886962,0.11242482662200928
/home/srt_2022/client-py/data/learn/new_data50/new_data_int/value_mean/7,value_mean_30.csv,INT32,LZ4,SPRINTZ,19999.6961,1579.1739404969896,6787,0.0644064406440644,50.49699047299656,370,0.0,0.504950495049505,0.0070556831359863195,0.11573959350585938
/home/srt_2022/client-py/data/learn/new_data50/new_data_int/value_mean/7,value_mean_30.csv,INT32,LZ4,RLBE,19999.6961,1579.1739404969896,6787,0.0644064406440644,50.49699047299656,370,0.0,0.504950495049505,0.00623185634613036,0.1112367534637451
/home/srt_2022/client-py/data/learn/new_data50/new_data_int/value_mean/7,value_mean_30.csv,INT32,SNAPPY,RAKE,19999.6961,1579.1739404969896,6787,0.0644064406440644,50.49699047299656,370,0.0,0.504950495049505,0.00528653144836424,0.11526473045349121
/home/srt_2022/client-py/data/learn/new_data50/new_data_int/value_mean/7,value_mean_30.csv,INT32,SNAPPY,RLE,19999.6961,1579.1739404969896,6787,0.0644064406440644,50.49699047299656,370,0.0,0.504950495049505,0.0050745105743408205,0.11434409141540527
/home/srt_2022/client-py/data/learn/new_data50/new_data_int/value_mean/7,value_mean_30.csv,INT32,SNAPPY,TS_2DIFF,19999.6961,1579.1739404969896,6787,0.0644064406440644,50.49699047299656,370,0.0,0.504950495049505,0.0056110906600952,0.11482763290405273
/home/srt_2022/client-py/data/learn/new_data50/new_data_int/value_mean/7,value_mean_30.csv,INT32,SNAPPY,GORILLA,19999.6961,1579.1739404969896,6787,0.0644064406440644,50.49699047299656,370,0.0,0.504950495049505,0.00549965381622314,0.10666658878326415
/home/srt_2022/client-py/data/learn/new_data50/new_data_int/value_mean/7,value_mean_30.csv,INT32,SNAPPY,PLAIN,19999.6961,1579.1739404969896,6787,0.0644064406440644,50.49699047299656,370,0.0,0.504950495049505,0.00545127868652342,0.11362738609313965
/home/srt_2022/client-py/data/learn/new_data50/new_data_int/value_mean/7,value_mean_30.csv,INT32,SNAPPY,SPRINTZ,19999.6961,1579.1739404969896,6787,0.0644064406440644,50.49699047299656,370,0.0,0.504950495049505,0.0076419973373413,0.1167860174179077
/home/srt_2022/client-py/data/learn/new_data50/new_data_int/value_mean/7,value_mean_30.csv,INT32,SNAPPY,RLBE,19999.6961,1579.1739404969896,6787,0.0644064406440644,50.49699047299656,370,0.0,0.504950495049505,0.0071842479705810395,0.11391242504119874
/home/srt_2022/client-py/data/learn/new_data50/new_data_int/value_mean/8,value_mean_30.csv,INT32,UNCOMPRESSED,RAKE,29999.1412,1525.051458431013,6514,0.1283128312831283,49.82546031009907,400,0.0,0.5057505750575058,0.0053343915939331,0.11451968193054199
/home/srt_2022/client-py/data/learn/new_data50/new_data_int/value_mean/8,value_mean_30.csv,INT32,UNCOMPRESSED,RLE,29999.1412,1525.051458431013,6514,0.1283128312831283,49.82546031009907,400,0.0,0.5057505750575058,0.0052549409866333,0.11223123073577881
/home/srt_2022/client-py/data/learn/new_data50/new_data_int/value_mean/8,value_mean_30.csv,INT32,UNCOMPRESSED,TS_2DIFF,29999.1412,1525.051458431013,6514,0.1283128312831283,49.82546031009907,400,0.0,0.5057505750575058,0.00540973186492918,0.11873141765594482
/home/srt_2022/client-py/data/learn/new_data50/new_data_int/value_mean/8,value_mean_30.csv,INT32,UNCOMPRESSED,GORILLA,29999.1412,1525.051458431013,6514,0.1283128312831283,49.82546031009907,400,0.0,0.5057505750575058,0.00520143032073974,0.11459585189819337
/home/srt_2022/client-py/data/learn/new_data50/new_data_int/value_mean/8,value_mean_30.csv,INT32,UNCOMPRESSED,PLAIN,29999.1412,1525.051458431013,6514,0.1283128312831283,49.82546031009907,400,0.0,0.5057505750575058,0.00545055389404296,0.11283211231231689
/home/srt_2022/client-py/data/learn/new_data50/new_data_int/value_mean/8,value_mean_30.csv,INT32,UNCOMPRESSED,SPRINTZ,29999.1412,1525.051458431013,6514,0.1283128312831283,49.82546031009907,400,0.0,0.5057505750575058,0.00582348823547362,0.11297342777252198
/home/srt_2022/client-py/data/learn/new_data50/new_data_int/value_mean/8,value_mean_30.csv,INT32,UNCOMPRESSED,RLBE,29999.1412,1525.051458431013,6514,0.1283128312831283,49.82546031009907,400,0.0,0.5057505750575058,0.005394506454467761,0.1160043478012085
/home/srt_2022/client-py/data/learn/new_data50/new_data_int/value_mean/8,value_mean_30.csv,INT32,GZIP,RAKE,29999.1412,1525.051458431013,6514,0.1283128312831283,49.82546031009907,400,0.0,0.5057505750575058,0.0053707456588745,0.11435734272003173
/home/srt_2022/client-py/data/learn/new_data50/new_data_int/value_mean/8,value_mean_30.csv,INT32,GZIP,RLE,29999.1412,1525.051458431013,6514,0.1283128312831283,49.82546031009907,400,0.0,0.5057505750575058,0.00541054725646972,0.11590558528900145
/home/srt_2022/client-py/data/learn/new_data50/new_data_int/value_mean/8,value_mean_30.csv,INT32,GZIP,TS_2DIFF,29999.1412,1525.051458431013,6514,0.1283128312831283,49.82546031009907,400,0.0,0.5057505750575058,0.00527863979339598,0.11722457408905029
/home/srt_2022/client-py/data/learn/new_data50/new_data_int/value_mean/8,value_mean_30.csv,INT32,GZIP,GORILLA,29999.1412,1525.051458431013,6514,0.1283128312831283,49.82546031009907,400,0.0,0.5057505750575058,0.0055083036422729405,0.11129706859588624
/home/srt_2022/client-py/data/learn/new_data50/new_data_int/value_mean/8,value_mean_30.csv,INT32,GZIP,PLAIN,29999.1412,1525.051458431013,6514,0.1283128312831283,49.82546031009907,400,0.0,0.5057505750575058,0.00547030925750732,0.10894818782806397
/home/srt_2022/client-py/data/learn/new_data50/new_data_int/value_mean/8,value_mean_30.csv,INT32,GZIP,SPRINTZ,29999.1412,1525.051458431013,6514,0.1283128312831283,49.82546031009907,400,0.0,0.5057505750575058,0.0053332805633544795,0.11354824542999267
/home/srt_2022/client-py/data/learn/new_data50/new_data_int/value_mean/8,value_mean_30.csv,INT32,GZIP,RLBE,29999.1412,1525.051458431013,6514,0.1283128312831283,49.82546031009907,400,0.0,0.5057505750575058,0.00729087829589842,0.11137709617614747
/home/srt_2022/client-py/data/learn/new_data50/new_data_int/value_mean/8,value_mean_30.csv,INT32,LZ4,RAKE,29999.1412,1525.051458431013,6514,0.1283128312831283,49.82546031009907,400,0.0,0.5057505750575058,0.00543784618377684,0.11129481792449951
/home/srt_2022/client-py/data/learn/new_data50/new_data_int/value_mean/8,value_mean_30.csv,INT32,LZ4,RLE,29999.1412,1525.051458431013,6514,0.1283128312831283,49.82546031009907,400,0.0,0.5057505750575058,0.00531932353973388,0.11456393718719482
/home/srt_2022/client-py/data/learn/new_data50/new_data_int/value_mean/8,value_mean_30.csv,INT32,LZ4,TS_2DIFF,29999.1412,1525.051458431013,6514,0.1283128312831283,49.82546031009907,400,0.0,0.5057505750575058,0.00573508739471434,0.1138023567199707
/home/srt_2022/client-py/data/learn/new_data50/new_data_int/value_mean/8,value_mean_30.csv,INT32,LZ4,GORILLA,29999.1412,1525.051458431013,6514,0.1283128312831283,49.82546031009907,400,0.0,0.5057505750575058,0.00533689498901366,0.10780932426452636
/home/srt_2022/client-py/data/learn/new_data50/new_data_int/value_mean/8,value_mean_30.csv,INT32,LZ4,PLAIN,29999.1412,1525.051458431013,6514,0.1283128312831283,49.82546031009907,400,0.0,0.5057505750575058,0.00508580207824706,0.1149854564666748
/home/srt_2022/client-py/data/learn/new_data50/new_data_int/value_mean/8,value_mean_30.csv,INT32,LZ4,SPRINTZ,29999.1412,1525.051458431013,6514,0.1283128312831283,49.82546031009907,400,0.0,0.5057505750575058,0.0055228567123413,0.1110183334350586
/home/srt_2022/client-py/data/learn/new_data50/new_data_int/value_mean/8,value_mean_30.csv,INT32,LZ4,RLBE,29999.1412,1525.051458431013,6514,0.1283128312831283,49.82546031009907,400,0.0,0.5057505750575058,0.0055165672302246,0.11475975513458252
/home/srt_2022/client-py/data/learn/new_data50/new_data_int/value_mean/8,value_mean_30.csv,INT32,SNAPPY,RAKE,29999.1412,1525.051458431013,6514,0.1283128312831283,49.82546031009907,400,0.0,0.5057505750575058,0.00539197921752928,0.11342548847198486
/home/srt_2022/client-py/data/learn/new_data50/new_data_int/value_mean/8,value_mean_30.csv,INT32,SNAPPY,RLE,29999.1412,1525.051458431013,6514,0.1283128312831283,49.82546031009907,400,0.0,0.5057505750575058,0.00542797565460204,0.1140396499633789
/home/srt_2022/client-py/data/learn/new_data50/new_data_int/value_mean/8,value_mean_30.csv,INT32,SNAPPY,TS_2DIFF,29999.1412,1525.051458431013,6514,0.1283128312831283,49.82546031009907,400,0.0,0.5057505750575058,0.00567700386047362,0.11142581939697264
/home/srt_2022/client-py/data/learn/new_data50/new_data_int/value_mean/8,value_mean_30.csv,INT32,SNAPPY,GORILLA,29999.1412,1525.051458431013,6514,0.1283128312831283,49.82546031009907,400,0.0,0.5057505750575058,0.00555020332336424,0.1127759075164795
/home/srt_2022/client-py/data/learn/new_data50/new_data_int/value_mean/8,value_mean_30.csv,INT32,SNAPPY,PLAIN,29999.1412,1525.051458431013,6514,0.1283128312831283,49.82546031009907,400,0.0,0.5057505750575058,0.0054044771194458,0.10879430294036865
/home/srt_2022/client-py/data/learn/new_data50/new_data_int/value_mean/8,value_mean_30.csv,INT32,SNAPPY,SPRINTZ,29999.1412,1525.051458431013,6514,0.1283128312831283,49.82546031009907,400,0.0,0.5057505750575058,0.005222697257995601,0.11190571308135985
/home/srt_2022/client-py/data/learn/new_data50/new_data_int/value_mean/8,value_mean_30.csv,INT32,SNAPPY,RLBE,29999.1412,1525.051458431013,6514,0.1283128312831283,49.82546031009907,400,0.0,0.5057505750575058,0.00548856735229492,0.10873726844787597
/home/srt_2022/client-py/data/learn/new_data50/new_data_int/value_mean/5,value_mean_30.csv,INT32,UNCOMPRESSED,RAKE,0.0481,1910.9254166990372,7465,0.1994199419941994,50.15986878877632,355,0.0,0.506050605060506,0.006592297554016099,0.10738644599914551
/home/srt_2022/client-py/data/learn/new_data50/new_data_int/value_mean/5,value_mean_30.csv,INT32,UNCOMPRESSED,RLE,0.0481,1910.9254166990372,7465,0.1994199419941994,50.15986878877632,355,0.0,0.506050605060506,0.00826594829559326,0.10991477489471435
/home/srt_2022/client-py/data/learn/new_data50/new_data_int/value_mean/5,value_mean_30.csv,INT32,UNCOMPRESSED,TS_2DIFF,0.0481,1910.9254166990372,7465,0.1994199419941994,50.15986878877632,355,0.0,0.506050605060506,0.0074802780151367,0.10987087726593017
/home/srt_2022/client-py/data/learn/new_data50/new_data_int/value_mean/5,value_mean_30.csv,INT32,UNCOMPRESSED,GORILLA,0.0481,1910.9254166990372,7465,0.1994199419941994,50.15986878877632,355,0.0,0.506050605060506,0.0067224884033202995,0.11684693336486815
/home/srt_2022/client-py/data/learn/new_data50/new_data_int/value_mean/5,value_mean_30.csv,INT32,UNCOMPRESSED,PLAIN,0.0481,1910.9254166990372,7465,0.1994199419941994,50.15986878877632,355,0.0,0.506050605060506,0.00554465770721434,0.11169206142425536
/home/srt_2022/client-py/data/learn/new_data50/new_data_int/value_mean/5,value_mean_30.csv,INT32,UNCOMPRESSED,SPRINTZ,0.0481,1910.9254166990372,7465,0.1994199419941994,50.15986878877632,355,0.0,0.506050605060506,0.00564213275909422,0.11175151348114014
/home/srt_2022/client-py/data/learn/new_data50/new_data_int/value_mean/5,value_mean_30.csv,INT32,UNCOMPRESSED,RLBE,0.0481,1910.9254166990372,7465,0.1994199419941994,50.15986878877632,355,0.0,0.506050605060506,0.0051605987548828,0.11076231479644776
/home/srt_2022/client-py/data/learn/new_data50/new_data_int/value_mean/5,value_mean_30.csv,INT32,GZIP,RAKE,0.0481,1910.9254166990372,7465,0.1994199419941994,50.15986878877632,355,0.0,0.506050605060506,0.00532153606414794,0.11662943840026856
/home/srt_2022/client-py/data/learn/new_data50/new_data_int/value_mean/5,value_mean_30.csv,INT32,GZIP,RLE,0.0481,1910.9254166990372,7465,0.1994199419941994,50.15986878877632,355,0.0,0.506050605060506,0.005468301773071281,0.11432666778564453
/home/srt_2022/client-py/data/learn/new_data50/new_data_int/value_mean/5,value_mean_30.csv,INT32,GZIP,TS_2DIFF,0.0481,1910.9254166990372,7465,0.1994199419941994,50.15986878877632,355,0.0,0.506050605060506,0.00534330368041992,0.10893630504608154
/home/srt_2022/client-py/data/learn/new_data50/new_data_int/value_mean/5,value_mean_30.csv,INT32,GZIP,GORILLA,0.0481,1910.9254166990372,7465,0.1994199419941994,50.15986878877632,355,0.0,0.506050605060506,0.00553495407104492,0.10952558994293213
/home/srt_2022/client-py/data/learn/new_data50/new_data_int/value_mean/5,value_mean_30.csv,INT32,GZIP,PLAIN,0.0481,1910.9254166990372,7465,0.1994199419941994,50.15986878877632,355,0.0,0.506050605060506,0.00609491825103758,0.11387220859527587
/home/srt_2022/client-py/data/learn/new_data50/new_data_int/value_mean/5,value_mean_30.csv,INT32,GZIP,SPRINTZ,0.0481,1910.9254166990372,7465,0.1994199419941994,50.15986878877632,355,0.0,0.506050605060506,0.005936560630798339,0.1143399667739868
/home/srt_2022/client-py/data/learn/new_data50/new_data_int/value_mean/5,value_mean_30.csv,INT32,GZIP,RLBE,0.0481,1910.9254166990372,7465,0.1994199419941994,50.15986878877632,355,0.0,0.506050605060506,0.00679613590240478,0.11029979705810547
/home/srt_2022/client-py/data/learn/new_data50/new_data_int/value_mean/5,value_mean_30.csv,INT32,LZ4,RAKE,0.0481,1910.9254166990372,7465,0.1994199419941994,50.15986878877632,355,0.0,0.506050605060506,0.00594358921051024,0.11284258842468262
/home/srt_2022/client-py/data/learn/new_data50/new_data_int/value_mean/5,value_mean_30.csv,INT32,LZ4,RLE,0.0481,1910.9254166990372,7465,0.1994199419941994,50.15986878877632,355,0.0,0.506050605060506,0.00549410820007324,0.10941812992095948
/home/srt_2022/client-py/data/learn/new_data50/new_data_int/value_mean/5,value_mean_30.csv,INT32,LZ4,TS_2DIFF,0.0481,1910.9254166990372,7465,0.1994199419941994,50.15986878877632,355,0.0,0.506050605060506,0.0054712581634521395,0.11368070125579835
/home/srt_2022/client-py/data/learn/new_data50/new_data_int/value_mean/5,value_mean_30.csv,INT32,LZ4,GORILLA,0.0481,1910.9254166990372,7465,0.1994199419941994,50.15986878877632,355,0.0,0.506050605060506,0.0053856086730957,0.11018580436706542
/home/srt_2022/client-py/data/learn/new_data50/new_data_int/value_mean/5,value_mean_30.csv,INT32,LZ4,PLAIN,0.0481,1910.9254166990372,7465,0.1994199419941994,50.15986878877632,355,0.0,0.506050605060506,0.00523822784423828,0.11048206329345703
/home/srt_2022/client-py/data/learn/new_data50/new_data_int/value_mean/5,value_mean_30.csv,INT32,LZ4,SPRINTZ,0.0481,1910.9254166990372,7465,0.1994199419941994,50.15986878877632,355,0.0,0.506050605060506,0.00543014526367186,0.10751238346099853
/home/srt_2022/client-py/data/learn/new_data50/new_data_int/value_mean/5,value_mean_30.csv,INT32,LZ4,RLBE,0.0481,1910.9254166990372,7465,0.1994199419941994,50.15986878877632,355,0.0,0.506050605060506,0.0060287523269653195,0.11239079475402831
/home/srt_2022/client-py/data/learn/new_data50/new_data_int/value_mean/5,value_mean_30.csv,INT32,SNAPPY,RAKE,0.0481,1910.9254166990372,7465,0.1994199419941994,50.15986878877632,355,0.0,0.506050605060506,0.00624821186065672,0.11417541027069092
/home/srt_2022/client-py/data/learn/new_data50/new_data_int/value_mean/5,value_mean_30.csv,INT32,SNAPPY,RLE,0.0481,1910.9254166990372,7465,0.1994199419941994,50.15986878877632,355,0.0,0.506050605060506,0.00567055225372314,0.11339476108551025
/home/srt_2022/client-py/data/learn/new_data50/new_data_int/value_mean/5,value_mean_30.csv,INT32,SNAPPY,TS_2DIFF,0.0481,1910.9254166990372,7465,0.1994199419941994,50.15986878877632,355,0.0,0.506050605060506,0.00528702735900878,0.1104947280883789
/home/srt_2022/client-py/data/learn/new_data50/new_data_int/value_mean/5,value_mean_30.csv,INT32,SNAPPY,GORILLA,0.0481,1910.9254166990372,7465,0.1994199419941994,50.15986878877632,355,0.0,0.506050605060506,0.0054382276535034,0.11180665016174315
/home/srt_2022/client-py/data/learn/new_data50/new_data_int/value_mean/5,value_mean_30.csv,INT32,SNAPPY,PLAIN,0.0481,1910.9254166990372,7465,0.1994199419941994,50.15986878877632,355,0.0,0.506050605060506,0.0053949499130249,0.11712684631347656
/home/srt_2022/client-py/data/learn/new_data50/new_data_int/value_mean/5,value_mean_30.csv,INT32,SNAPPY,SPRINTZ,0.0481,1910.9254166990372,7465,0.1994199419941994,50.15986878877632,355,0.0,0.506050605060506,0.0055433082580566406,0.10957528591156004
/home/srt_2022/client-py/data/learn/new_data50/new_data_int/value_mean/5,value_mean_30.csv,INT32,SNAPPY,RLBE,0.0481,1910.9254166990372,7465,0.1994199419941994,50.15986878877632,355,0.0,0.506050605060506,0.0053328323364257805,0.11135056018829345
/home/srt_2022/client-py/data/learn/new_data50/new_data_int/value_mean/0,value_mean_30.csv,INT32,UNCOMPRESSED,RAKE,-49999.1726,1670.3663056375508,6818,0.2715271527152715,49.66421079370349,381,0.0,0.5033503350335033,0.00561075210571288,0.11337431430816651
/home/srt_2022/client-py/data/learn/new_data50/new_data_int/value_mean/0,value_mean_30.csv,INT32,UNCOMPRESSED,RLE,-49999.1726,1670.3663056375508,6818,0.2715271527152715,49.66421079370349,381,0.0,0.5033503350335033,0.00512648105621336,0.1137568473815918
/home/srt_2022/client-py/data/learn/new_data50/new_data_int/value_mean/0,value_mean_30.csv,INT32,UNCOMPRESSED,TS_2DIFF,-49999.1726,1670.3663056375508,6818,0.2715271527152715,49.66421079370349,381,0.0,0.5033503350335033,0.0055345726013183395,0.11789839744567872
/home/srt_2022/client-py/data/learn/new_data50/new_data_int/value_mean/0,value_mean_30.csv,INT32,UNCOMPRESSED,GORILLA,-49999.1726,1670.3663056375508,6818,0.2715271527152715,49.66421079370349,381,0.0,0.5033503350335033,0.00532793045043944,0.11459239959716797
/home/srt_2022/client-py/data/learn/new_data50/new_data_int/value_mean/0,value_mean_30.csv,INT32,UNCOMPRESSED,PLAIN,-49999.1726,1670.3663056375508,6818,0.2715271527152715,49.66421079370349,381,0.0,0.5033503350335033,0.00693708896636962,0.11656806945800782
/home/srt_2022/client-py/data/learn/new_data50/new_data_int/value_mean/0,value_mean_30.csv,INT32,UNCOMPRESSED,SPRINTZ,-49999.1726,1670.3663056375508,6818,0.2715271527152715,49.66421079370349,381,0.0,0.5033503350335033,0.0073880815505981395,0.11348376750946046
/home/srt_2022/client-py/data/learn/new_data50/new_data_int/value_mean/0,value_mean_30.csv,INT32,UNCOMPRESSED,RLBE,-49999.1726,1670.3663056375508,6818,0.2715271527152715,49.66421079370349,381,0.0,0.5033503350335033,0.007540526390075681,0.11441643714904785
/home/srt_2022/client-py/data/learn/new_data50/new_data_int/value_mean/0,value_mean_30.csv,INT32,GZIP,RAKE,-49999.1726,1670.3663056375508,6818,0.2715271527152715,49.66421079370349,381,0.0,0.5033503350335033,0.00567057609558104,0.11720926284790038
/home/srt_2022/client-py/data/learn/new_data50/new_data_int/value_mean/0,value_mean_30.csv,INT32,GZIP,RLE,-49999.1726,1670.3663056375508,6818,0.2715271527152715,49.66421079370349,381,0.0,0.5033503350335033,0.00532760620117186,0.1151486825942993
/home/srt_2022/client-py/data/learn/new_data50/new_data_int/value_mean/0,value_mean_30.csv,INT32,GZIP,TS_2DIFF,-49999.1726,1670.3663056375508,6818,0.2715271527152715,49.66421079370349,381,0.0,0.5033503350335033,0.0051666164398193205,0.11343992233276368
/home/srt_2022/client-py/data/learn/new_data50/new_data_int/value_mean/0,value_mean_30.csv,INT32,GZIP,GORILLA,-49999.1726,1670.3663056375508,6818,0.2715271527152715,49.66421079370349,381,0.0,0.5033503350335033,0.00534649848937988,0.10988205432891847
/home/srt_2022/client-py/data/learn/new_data50/new_data_int/value_mean/0,value_mean_30.csv,INT32,GZIP,PLAIN,-49999.1726,1670.3663056375508,6818,0.2715271527152715,49.66421079370349,381,0.0,0.5033503350335033,0.0052446460723876796,0.11176233291625977
/home/srt_2022/client-py/data/learn/new_data50/new_data_int/value_mean/0,value_mean_30.csv,INT32,GZIP,SPRINTZ,-49999.1726,1670.3663056375508,6818,0.2715271527152715,49.66421079370349,381,0.0,0.5033503350335033,0.0054640245437622,0.10947693824768065
/home/srt_2022/client-py/data/learn/new_data50/new_data_int/value_mean/0,value_mean_30.csv,INT32,GZIP,RLBE,-49999.1726,1670.3663056375508,6818,0.2715271527152715,49.66421079370349,381,0.0,0.5033503350335033,0.00543403148651122,0.1084831714630127
/home/srt_2022/client-py/data/learn/new_data50/new_data_int/value_mean/0,value_mean_30.csv,INT32,LZ4,RAKE,-49999.1726,1670.3663056375508,6818,0.2715271527152715,49.66421079370349,381,0.0,0.5033503350335033,0.00546696662902832,0.11657289505004882
/home/srt_2022/client-py/data/learn/new_data50/new_data_int/value_mean/0,value_mean_30.csv,INT32,LZ4,RLE,-49999.1726,1670.3663056375508,6818,0.2715271527152715,49.66421079370349,381,0.0,0.5033503350335033,0.00808218955993652,0.11067203998565674
/home/srt_2022/client-py/data/learn/new_data50/new_data_int/value_mean/0,value_mean_30.csv,INT32,LZ4,TS_2DIFF,-49999.1726,1670.3663056375508,6818,0.2715271527152715,49.66421079370349,381,0.0,0.5033503350335033,0.00869327068328856,0.11190604209899901
/home/srt_2022/client-py/data/learn/new_data50/new_data_int/value_mean/0,value_mean_30.csv,INT32,LZ4,GORILLA,-49999.1726,1670.3663056375508,6818,0.2715271527152715,49.66421079370349,381,0.0,0.5033503350335033,0.00593469619750976,0.11069632053375245
/home/srt_2022/client-py/data/learn/new_data50/new_data_int/value_mean/0,value_mean_30.csv,INT32,LZ4,PLAIN,-49999.1726,1670.3663056375508,6818,0.2715271527152715,49.66421079370349,381,0.0,0.5033503350335033,0.00532235622406004,0.11185791969299316
/home/srt_2022/client-py/data/learn/new_data50/new_data_int/value_mean/0,value_mean_30.csv,INT32,LZ4,SPRINTZ,-49999.1726,1670.3663056375508,6818,0.2715271527152715,49.66421079370349,381,0.0,0.5033503350335033,0.00553473472595214,0.1072209930419922
/home/srt_2022/client-py/data/learn/new_data50/new_data_int/value_mean/0,value_mean_30.csv,INT32,LZ4,RLBE,-49999.1726,1670.3663056375508,6818,0.2715271527152715,49.66421079370349,381,0.0,0.5033503350335033,0.00549840450286864,0.11501293659210206
/home/srt_2022/client-py/data/learn/new_data50/new_data_int/value_mean/0,value_mean_30.csv,INT32,SNAPPY,RAKE,-49999.1726,1670.3663056375508,6818,0.2715271527152715,49.66421079370349,381,0.0,0.5033503350335033,0.005339908599853499,0.10989507198333741
/home/srt_2022/client-py/data/learn/new_data50/new_data_int/value_mean/0,value_mean_30.csv,INT32,SNAPPY,RLE,-49999.1726,1670.3663056375508,6818,0.2715271527152715,49.66421079370349,381,0.0,0.5033503350335033,0.005343689918518061,0.11768515586853028
/home/srt_2022/client-py/data/learn/new_data50/new_data_int/value_mean/0,value_mean_30.csv,INT32,SNAPPY,TS_2DIFF,-49999.1726,1670.3663056375508,6818,0.2715271527152715,49.66421079370349,381,0.0,0.5033503350335033,0.00531117439270018,0.10816983699798584
/home/srt_2022/client-py/data/learn/new_data50/new_data_int/value_mean/0,value_mean_30.csv,INT32,SNAPPY,GORILLA,-49999.1726,1670.3663056375508,6818,0.2715271527152715,49.66421079370349,381,0.0,0.5033503350335033,0.0055326747894287,0.11151683807373047
/home/srt_2022/client-py/data/learn/new_data50/new_data_int/value_mean/0,value_mean_30.csv,INT32,SNAPPY,PLAIN,-49999.1726,1670.3663056375508,6818,0.2715271527152715,49.66421079370349,381,0.0,0.5033503350335033,0.00616078376770018,0.11651584625244141
/home/srt_2022/client-py/data/learn/new_data50/new_data_int/value_mean/0,value_mean_30.csv,INT32,SNAPPY,SPRINTZ,-49999.1726,1670.3663056375508,6818,0.2715271527152715,49.66421079370349,381,0.0,0.5033503350335033,0.00579123020172118,0.11142170429229736
/home/srt_2022/client-py/data/learn/new_data50/new_data_int/value_mean/0,value_mean_30.csv,INT32,SNAPPY,RLBE,-49999.1726,1670.3663056375508,6818,0.2715271527152715,49.66421079370349,381,0.0,0.5033503350335033,0.0055635929107666,0.11542365074157715
/home/srt_2022/client-py/data/learn/new_data50/new_data_int/value_mean/4,value_mean_30.csv,INT32,UNCOMPRESSED,RAKE,-9999.34,1919.474858809044,7289,-0.1112111211121112,50.436387819162434,373,0.0,0.5053505350535054,0.0052610874176025205,0.11322221279144287
/home/srt_2022/client-py/data/learn/new_data50/new_data_int/value_mean/4,value_mean_30.csv,INT32,UNCOMPRESSED,RLE,-9999.34,1919.474858809044,7289,-0.1112111211121112,50.436387819162434,373,0.0,0.5053505350535054,0.0053330421447753806,0.11977592468261719
/home/srt_2022/client-py/data/learn/new_data50/new_data_int/value_mean/4,value_mean_30.csv,INT32,UNCOMPRESSED,TS_2DIFF,-9999.34,1919.474858809044,7289,-0.1112111211121112,50.436387819162434,373,0.0,0.5053505350535054,0.00510199546813964,0.1159883451461792
/home/srt_2022/client-py/data/learn/new_data50/new_data_int/value_mean/4,value_mean_30.csv,INT32,UNCOMPRESSED,GORILLA,-9999.34,1919.474858809044,7289,-0.1112111211121112,50.436387819162434,373,0.0,0.5053505350535054,0.00518168449401854,0.12220541954040527
/home/srt_2022/client-py/data/learn/new_data50/new_data_int/value_mean/4,value_mean_30.csv,INT32,UNCOMPRESSED,PLAIN,-9999.34,1919.474858809044,7289,-0.1112111211121112,50.436387819162434,373,0.0,0.5053505350535054,0.005349478721618639,0.11640212059020996
/home/srt_2022/client-py/data/learn/new_data50/new_data_int/value_mean/4,value_mean_30.csv,INT32,UNCOMPRESSED,SPRINTZ,-9999.34,1919.474858809044,7289,-0.1112111211121112,50.436387819162434,373,0.0,0.5053505350535054,0.00532469749450682,0.1169424057006836
/home/srt_2022/client-py/data/learn/new_data50/new_data_int/value_mean/4,value_mean_30.csv,INT32,UNCOMPRESSED,RLBE,-9999.34,1919.474858809044,7289,-0.1112111211121112,50.436387819162434,373,0.0,0.5053505350535054,0.00550639629364012,0.11140955448150636
/home/srt_2022/client-py/data/learn/new_data50/new_data_int/value_mean/4,value_mean_30.csv,INT32,GZIP,RAKE,-9999.34,1919.474858809044,7289,-0.1112111211121112,50.436387819162434,373,0.0,0.5053505350535054,0.00530873298645018,0.11511178970336915
/home/srt_2022/client-py/data/learn/new_data50/new_data_int/value_mean/4,value_mean_30.csv,INT32,GZIP,RLE,-9999.34,1919.474858809044,7289,-0.1112111211121112,50.436387819162434,373,0.0,0.5053505350535054,0.00556618213653564,0.11030601024627687
/home/srt_2022/client-py/data/learn/new_data50/new_data_int/value_mean/4,value_mean_30.csv,INT32,GZIP,TS_2DIFF,-9999.34,1919.474858809044,7289,-0.1112111211121112,50.436387819162434,373,0.0,0.5053505350535054,0.00542996406555174,0.11184886455535889
/home/srt_2022/client-py/data/learn/new_data50/new_data_int/value_mean/4,value_mean_30.csv,INT32,GZIP,GORILLA,-9999.34,1919.474858809044,7289,-0.1112111211121112,50.436387819162434,373,0.0,0.5053505350535054,0.00521693229675292,0.11580181121826172
/home/srt_2022/client-py/data/learn/new_data50/new_data_int/value_mean/4,value_mean_30.csv,INT32,GZIP,PLAIN,-9999.34,1919.474858809044,7289,-0.1112111211121112,50.436387819162434,373,0.0,0.5053505350535054,0.00513314247131346,0.1241170835494995
/home/srt_2022/client-py/data/learn/new_data50/new_data_int/value_mean/4,value_mean_30.csv,INT32,GZIP,SPRINTZ,-9999.34,1919.474858809044,7289,-0.1112111211121112,50.436387819162434,373,0.0,0.5053505350535054,0.0051557159423828,0.11604796886444091
/home/srt_2022/client-py/data/learn/new_data50/new_data_int/value_mean/4,value_mean_30.csv,INT32,GZIP,RLBE,-9999.34,1919.474858809044,7289,-0.1112111211121112,50.436387819162434,373,0.0,0.5053505350535054,0.00522181034088134,0.1172231101989746
/home/srt_2022/client-py/data/learn/new_data50/new_data_int/value_mean/4,value_mean_30.csv,INT32,LZ4,RAKE,-9999.34,1919.474858809044,7289,-0.1112111211121112,50.436387819162434,373,0.0,0.5053505350535054,0.00527496814727782,0.11552625656127931
/home/srt_2022/client-py/data/learn/new_data50/new_data_int/value_mean/4,value_mean_30.csv,INT32,LZ4,RLE,-9999.34,1919.474858809044,7289,-0.1112111211121112,50.436387819162434,373,0.0,0.5053505350535054,0.0052992296218872,0.11620087146759032
/home/srt_2022/client-py/data/learn/new_data50/new_data_int/value_mean/4,value_mean_30.csv,INT32,LZ4,TS_2DIFF,-9999.34,1919.474858809044,7289,-0.1112111211121112,50.436387819162434,373,0.0,0.5053505350535054,0.005505952835083,0.12092629432678223
/home/srt_2022/client-py/data/learn/new_data50/new_data_int/value_mean/4,value_mean_30.csv,INT32,LZ4,GORILLA,-9999.34,1919.474858809044,7289,-0.1112111211121112,50.436387819162434,373,0.0,0.5053505350535054,0.00525286197662352,0.1122826099395752
/home/srt_2022/client-py/data/learn/new_data50/new_data_int/value_mean/4,value_mean_30.csv,INT32,LZ4,PLAIN,-9999.34,1919.474858809044,7289,-0.1112111211121112,50.436387819162434,373,0.0,0.5053505350535054,0.005220322608947741,0.10941073894500733
/home/srt_2022/client-py/data/learn/new_data50/new_data_int/value_mean/4,value_mean_30.csv,INT32,LZ4,SPRINTZ,-9999.34,1919.474858809044,7289,-0.1112111211121112,50.436387819162434,373,0.0,0.5053505350535054,0.005308618545532219,0.11753286838531493
/home/srt_2022/client-py/data/learn/new_data50/new_data_int/value_mean/4,value_mean_30.csv,INT32,LZ4,RLBE,-9999.34,1919.474858809044,7289,-0.1112111211121112,50.436387819162434,373,0.0,0.5053505350535054,0.00521957397460936,0.12332719326019288
/home/srt_2022/client-py/data/learn/new_data50/new_data_int/value_mean/4,value_mean_30.csv,INT32,SNAPPY,RAKE,-9999.34,1919.474858809044,7289,-0.1112111211121112,50.436387819162434,373,0.0,0.5053505350535054,0.005606985092163079,0.11038049221038819
/home/srt_2022/client-py/data/learn/new_data50/new_data_int/value_mean/4,value_mean_30.csv,INT32,SNAPPY,RLE,-9999.34,1919.474858809044,7289,-0.1112111211121112,50.436387819162434,373,0.0,0.5053505350535054,0.0052018404006958004,0.11517077445983888
/home/srt_2022/client-py/data/learn/new_data50/new_data_int/value_mean/4,value_mean_30.csv,INT32,SNAPPY,TS_2DIFF,-9999.34,1919.474858809044,7289,-0.1112111211121112,50.436387819162434,373,0.0,0.5053505350535054,0.00526450157165526,0.12022902965545654
/home/srt_2022/client-py/data/learn/new_data50/new_data_int/value_mean/4,value_mean_30.csv,INT32,SNAPPY,GORILLA,-9999.34,1919.474858809044,7289,-0.1112111211121112,50.436387819162434,373,0.0,0.5053505350535054,0.00536966323852538,0.11768511772155761
/home/srt_2022/client-py/data/learn/new_data50/new_data_int/value_mean/4,value_mean_30.csv,INT32,SNAPPY,PLAIN,-9999.34,1919.474858809044,7289,-0.1112111211121112,50.436387819162434,373,0.0,0.5053505350535054,0.0052833843231201005,0.12001183986663819
/home/srt_2022/client-py/data/learn/new_data50/new_data_int/value_mean/4,value_mean_30.csv,INT32,SNAPPY,SPRINTZ,-9999.34,1919.474858809044,7289,-0.1112111211121112,50.436387819162434,373,0.0,0.5053505350535054,0.0054848289489746,0.11900062561035156
/home/srt_2022/client-py/data/learn/new_data50/new_data_int/value_mean/4,value_mean_30.csv,INT32,SNAPPY,RLBE,-9999.34,1919.474858809044,7289,-0.1112111211121112,50.436387819162434,373,0.0,0.5053505350535054,0.00531313896179198,0.12216512680053711
