Sensor,s_0
1630061740212,-2
1630061775944,-2
1630066578387,-2
1630066578927,-2
1630066581979,-2
1630066625005,-2
1630066634703,-2
1630066677046,-2
1630066977363,-2
1630066981087,-2
1630069793369,-2
1630070133529,-2
1630070163930,-2
1630070168289,-2
1630070493832,-2
1630070658369,-2
1630071017980,-2
1630071056088,-2
1630071061062,-2
1630071196815,-2
1630071330400,-2
1630071345341,-2
1630071719709,-2
1630072356865,-2
1630072396088,-2
1630073107279,-2
1630073233816,-2
1630073306443,-2
1630073330767,-2
1630073441369,-2
1630073441373,-2
1630073927200,-2
1630073935443,-2
1630074027539,-2
1630074033000,-2
1630074176687,-2
1630074180834,-2
1630074187216,-2
1630074194667,-2
1630074261409,-2
1630074312017,-2
1630074319132,-2
1630074360502,-2
1630074492067,-2
1630074497049,-2
1630074503427,-2
1630075122194,-2
1630075127730,-2
1630075170105,-2
1630075179085,-2
1630075179350,-2
1630075182854,-2
1630075192812,-2
1630075215946,-2
1630075220313,-2
1630075799505,-2
1630075810561,-2
1630075813305,-2
1630075817442,-2
1630075824531,-2
1630075828630,-2
1630075854811,-2
1630075861809,-2
1630075862006,-2
1630075866213,-2
1630075869033,-2
1630075946205,-2
1630075974131,-2
1630075979495,-2
1630075999818,-2
1630076041075,-2
1630076054728,-2
1630076081991,-2
1630076091609,-2
1630076307022,-2
1630076411515,-2
1630076438017,-2
1630076572617,-2
1630076585481,-2
1630076649403,-2
1630076662166,-2
1630076971950,-2
1630076981505,-2
1630077266719,-2
1630078227792,-2
1630078292403,-2
1630078451439,-2
1630078574819,-2
1630078610160,-2
1630078613917,-2
1630078642900,-2
1630079113101,-2
1630079564571,-2
1630079583717,-2
1630079786317,-2
1630080015743,-2
1630080485338,-2
1630080514993,-2
1630080859443,-2
1630080863638,-2
1630080866921,-2
1630080877247,-2
1630080895514,-2
1630080896024,-2
1630081295696,-2
1630081385564,-2
1630081934030,-2
1630082568230,-2
1630082727163,-2
1630082844319,-2
1630082856337,-2
1630082875714,-2
1630082876410,-2
1630082907092,-2
1630082908953,-2
1630082925345,-2
1630082942909,-2
1630083114870,-2
1630083202931,-2
1630083250832,-2
1630083355457,-2
1630083477631,-2
1630083518453,-2
1630083525149,-2
1630083527955,-2
1630084046995,-2
1630084049210,-2
1630084099765,-2
1630084240782,-2
1630084388890,-2
1630084612387,-2
1630084630790,-2
1630084637250,-2
1630084644029,-2
1630084654982,-2
1630084688268,-2
1630084699106,-2
1630084716966,-2
1630084767284,-2
1630084820414,-2
1630084834432,-2
1630084894048,-2
1630084902237,-2
1630085138884,-2
1630085152384,-2
1630085155408,-2
1630085222027,-2
1630085222937,-2
1630085335364,-2
1630085364137,-2
1630085563585,-2
1630085889646,-2
1630085889652,-2
1630086571389,-2
1630086800756,-2
1630086821037,-2
1630087100314,-2
1630087102380,-2
1630087394055,-2
1630087422076,-2
1630087724671,-2
1630087915642,-2
1630087937014,-2
1630088191761,-2
1630088204465,-2
1630088389595,-2
1630088390595,-2
1630088394373,-2
1630088552231,-2
1630088955744,-2
1630089251522,-2
1630089705766,-2
1630090084067,-2
1630090213102,-2
1630090217849,-2
1630090257397,-2
1630090348075,-2
1630090476309,-2
1630090534000,-2
1630090687116,-2
1630090704196,-2
1630090725192,-2
1630090730778,-2
1630090746245,-2
1630091231146,-2
1630091238622,-2
1630091258746,-2
1630091427430,-2
1630091529580,-2
1630091648144,-2
1630091656445,-2
1630091673451,-2
1630091759367,-2
1630091767949,-2
1630091773591,-2
1630091795542,-2
1630091800944,-2
1630091842789,-2
1630091892285,-2
1630091985142,-2
1630092010142,-2
1630092077869,-2
1630092114432,-2
1630092204882,-2
1630092209760,-2
1630092445873,-2
1630093411247,-2
1630093471637,-2
1630093473451,-2
1630093629151,-2
1630093761236,-2
1630093772339,-2
1630093798199,-2
1630093814763,-2
1630094090999,-2
1630094115131,-2
1630094116853,-2
1630094430869,-2
1630094445153,-2
1630094792747,-2
1630094833220,-2
1630094886910,-2
1630095426229,-2
1630095652219,-2
1630095666196,-2
1630096130935,-2
1630096331019,-2
1630096470407,-2
1630096480893,-2
1630096486566,-2
1630096514608,-2
1630096582774,-2
1630096739711,-2
1630096753548,-2
1630096950013,-2
1630097518330,-2
1630097543943,-2
1630097547748,-2
1630097548849,-2
1630098015535,-2
1630098019114,-2
1630098079094,-2
1630098281946,-2
1630098289685,-2
1630098304014,-2
1630098366625,-2
1630098505844,-2
1630098599418,-2
1630098600468,-2
1630098609704,-2
1630098874782,-2
1630099017981,-2
1630099248833,-2
1630099266015,-2
1630099541923,-2
1630099778183,-2
1630099785105,-2
1630100257940,-2
1630100305422,-2
1630100479867,-2
1630100506154,-2
1630100543383,-2
1630100550666,-2
1630100553685,-2
1630100604263,-2
1630100625168,-2
1630100627508,-2
1630100628143,-2
1630100787955,-2
1630100891014,-2
1630100899794,-2
1630100918522,-2
1630101141825,-2
1630101164446,-2
1630101652352,-2
1630101805211,-2
1630101816774,-2
1630102852955,-2
1630103347738,-2
1630103474582,-2
1630103478370,-2
1630103555119,-2
1630103555122,-2
1630103660759,-2
1630103684878,-2
1630103702902,-2
1630103724009,-2
1630103775887,-2
1630103850031,-2
1630103856028,-2
1630103866943,-2
1630103895931,-2
1630103909070,-2
1630103912971,-2
1630103915963,-2
1630104118166,-2
1630104129226,-2
1630104132030,-2
1630104134273,-2
1630104159965,-2
1630104317312,-2
1630104344843,-2
1630104351025,-2
1630104403570,-2
1630105570818,-2
1630105621251,-2
1630105623534,-2
1630105663432,-2
1630106415366,-2
1630106441143,-2
1630106443368,-2
1630106512289,-2
1630106518849,-2
1630106540301,-2
1630106581229,-2
1630106921144,-2
1630106929711,-2
1630106945823,-2
1630106955488,-2
1630107248752,-2
1630107269971,-2
1630107467448,-2
1630107481235,-2
1630107488648,-2
1630107556202,-2
1630107562754,-2
1630107564589,-2
1630107623170,-2
1630107681272,-2
1630107692677,-2
1630107963965,-2
1630107984711,-2
1630108082106,-2
1630108099838,-2
1630108575310,-2
1630108612284,-2
1630108615221,-2
1630108784337,-2
1630108784923,-2
1630108813491,-2
1630108814685,-2
1630109305510,-2
1630109343811,-2
1630109346302,-2
1630109377961,-2
1630109544797,-2
1630109552571,-2
1630109555611,-2
1630109557777,-2
1630109582099,-2
1630109715871,-2
1630109739571,-2
1630109740818,-2
1630110034380,-2
1630110070260,-2
1630110078418,-2
1630110096376,-2
1630111210429,-2
1630111240230,10
1630111244857,10
1630111249946,10
1630111254022,10
1630111260755,10
1630111288793,10
1630111291475,10
1630111610389,10
1630111687572,10
1630111784429,10
1630111923690,10
1630111936728,10
1630112223791,10
1630112389401,10
1630112516539,10
1630112721152,10
1630112828177,10
1630112829262,10
1630113145986,10
1630113146046,10
1630113933281,10
1630113960137,10
1630114146993,10
1630114169771,10
1630114335079,10
1630115131176,10
1630115156275,10
1630115311608,10
1630115670633,10
1630116741787,10
1630116751795,10
1630118866611,10
1630118882570,10
1630118924118,10
1630118953213,10
1630119794499,10
1630119807398,10
1630119810979,10
1630120093086,10
1630120359371,10
1630120717592,10
1630121256067,10
1630121287866,10
1630121356417,10
1630121538975,10
1630121568420,10
1630122116009,10
1630122116011,10
1630122117774,10
1630122117775,10
1630122239137,10
1630122321854,10
1630122384185,10
1630122450269,10
1630122776726,10
1630123160853,10
1630123169127,10
1630123324788,10
1630123352334,10
1630123386776,10
1630123820849,10
1630123837867,10
1630124147767,10
1630124150211,10
1630124167130,10
1630124177974,10
1630124184127,10
1630124194111,10
1630124201148,10
1630188999031,10
1630189505054,10
1630189530058,10
1630189533596,10
1630189759030,10
1630189777034,10
1630190071757,10
1630190255185,10
1630190462778,10
1630190682168,10
1630190764270,10
1630190923384,10
1630190972308,10
1630191023556,10
1630191238572,10
1630191336520,10
1630191992740,10
1630192026400,10
1630192035416,10
1630192054580,10
1630192168355,10
1630192179921,10
1630192321272,10
1630192385540,10
1630192484253,10
1630192484282,10
1630192484310,10
1630192867090,10
1630198299625,10
1630198302109,10
1630198337703,10
1630198345408,10
1630204710781,10
1630204791769,10
1630204899354,10
1630204919457,10
1630205095318,10
1630205133113,10
1630205477019,10
1630205477257,10
1630205506498,10
1630205510157,10
1630205513122,10
1630205589772,10
1630205940075,10
1630205959074,10
1630206150817,10
1630206158325,10
1630206159223,10
1630206236874,10
1630206247242,10
1630206504953,10
1630206530787,10
1630206538513,10
1630206542488,10
1630206551310,10
1630206711254,10
1630207115131,10
1630207544107,10
1630207563706,10
1630207581469,10
1630207591888,10
1630207976310,10
1630208001284,10
1630216009027,10
1630216018866,10
1630216056932,10
1630216061167,10
1630216066448,10
1630217576924,10
1630217608998,10
1630217703997,10
1630217732321,10
1630217737443,10
1630217772574,10
1630217776833,10
1630217780421,10
1630217783675,10
1630217949277,10
1630218034979,10
1630218126196,10
1630218149522,10
1630218268433,10
1630218283639,10
1630218449364,10
1630218802461,10
1630219185961,10
1630219215685,10
1630219229850,10
1630219232172,10
1630219238688,10
1630219250467,10
1630219256348,10
1630219303066,10
1630220089242,10
1630220181990,10
1630220191530,10
1630220353007,10
1630220363445,10
1630220373870,10
1630220420355,10
1630220420409,10
1630220505752,10
1630220506436,10
1630220517729,10
1630220604443,10
1630220626148,10
1630220733419,10
1630220740834,10
1630220762552,10
1630220837309,10
1630220849234,10
1630220861532,10
1630220937309,10
1630220954851,10
1630220962486,10
1630220984151,10
1630220987132,10
1630221095327,10
1630221103126,10
1630221116027,10
1630221142728,10
1630221245528,10
1630221250155,10
1630221250307,10
1630221264892,10
1630221408707,10
1630221425713,10
1630221548109,10
1630221565030,10
1630221570527,10
1630221573894,10
1630221716626,10
1630221734908,10
1630221894215,10
1630221906029,10
1630221909506,10
1630222369930,10
1630222371748,10
1630222390036,10
1630222408909,10
1630222421627,10
1630222423728,10
1630222433170,10
1630222485208,10
1630222494028,10
1630222557633,10
1630222565833,10
1630222567513,10
1630222715435,10
1630222725669,10
1630222778536,10
1630223028402,10
1630223482384,10
1630223486239,10
1630223522823,10
1630223647704,10
1630223653919,10
1630223686256,10
1630223687717,10
1630223691002,10
1630223694539,10
1630223699480,10
1630224334597,10
1630224372542,10
1630224405659,10
1630224425158,10
1630224429693,10
1630224439696,10
1630224452037,10
1630224472115,10
1630224476717,10
1630224481977,10
1630241470031,10
1630241511993,10
1630241522984,10
1630241525146,10
1630241539826,10
1630241991906,10
1630242027433,10
1630242145776,10
1630242161931,10
1630242474901,10
1630242478566,10
1630243004976,10
1630243041920,10
1630243076325,10
1630243260322,10
1630243597669,10
1630244168308,10
1630244175272,10
1630244180990,10
1630244185125,10
1630244201288,10
1630244214047,10
1630244257448,10
1630244803480,10
1630244824800,10
1630244839838,10
1630244847724,10
1630244852799,10
1630244857377,10
1630244863438,10
1630244876282,10
1630244880719,10
1630244880778,10
1630244895447,10
1630250982203,10
1630250990641,10
1630250998601,10
1630251010726,10
1630251063539,10
1630251370530,10
1630251390404,10
1630251400677,10
1630251426975,10
1630251850590,10
1630251858548,10
1630251889314,10
1630251890910,10
1630251959967,10
1630252061879,10
1630252256770,10
1630252271657,10
1630253225299,10
1630253234381,10
1630253392302,10
1630253443421,10
1630253764118,10
1630253814368,10
1630253851310,10
1630253855170,10
1630255052680,10
1630255109535,10
1630255114113,10
1630255151990,10
1630258040371,10
1630258734570,10
1630258772573,10
1630258957899,10
1630258976169,10
1630259143813,10
1630259403326,10
1630259541420,10
1630259655281,10
1630259671365,10
1630259895952,10
1630259974129,10
1630260171735,10
1630260561478,10
1630260677193,10
1630260828292,10
1630260860555,10
1630260877937,10
1630260879975,10
1630261463494,10
1630261474553,10
1630261478830,10
1630261484500,10
1630261509514,10
1630261512094,10
1630262128692,10
1630262149798,10
1630262431038,10
1630262477919,10
1630262502617,10
1630262506054,10
1630262705980,10
1630262725236,10
1630262741119,10
1630262742391,10
1630262817720,10
1630263024355,10
1630263205628,10
1630263525204,10
1630263526785,10
1630263763036,10
1630263951117,10
1630264067811,10
1630264417230,10
1630264455485,10
1630264460129,10
1630264494093,10
1630264497365,10
1630264838189,10
1630264842196,10
1630264865334,10
1630264868332,10
1630267534284,10
1630267576783,10
1630267586698,10
1630267595982,10
1630267611042,10
1630267619342,10
1630267626483,10
1630267639802,10
1630316615715,10
1630316642324,10
1630316646091,10
1630316650286,10
1630316675771,10
1630319715293,10
1630319730851,10
1630319734711,10
1630319736829,10
1630319745090,10
1630322814528,10
1630323167170,10
1630323201413,10
1630323207542,10
1630323217510,10
1630323222254,10
1630323233587,10
1630323237546,10
1630356284617,10
1630356378390,10
1630356383857,10
1630356411090,10
1630356417871,10
1630356723977,10
1630356729156,10
1630356734333,10
1630356755810,10
1630356765789,10
1630369311236,10
1630369341203,10
1630369356375,10
1630370184263,10
1630370203482,10
1630370207204,10
1630370210584,10
1630370888869,10
1630370919173,10
1630372870205,10
1630372875252,10
1630372884184,10
1630372947640,10
1630372960495,10
1630383014582,10
1630383320053,10
1630383326277,10
1630383348339,10
1630383352177,10
1630383480673,10
1630383497001,10
1630383542215,10
1630383553316,10
1630383569722,10
1630383792658,10
1630383795637,10
1630384468679,10
1630384502799,10
1630385340107,10
1630385474736,10
1630385614027,10
1630386033085,10
1630386038532,10
1630386066852,10
1630386067349,10
1630391880245,10
1630391918241,10
1630391924246,10
1630391991789,10
1630392015451,10
1630392208870,10
1630392212752,10
1630392213435,10
1630392236569,10
1630392243097,10
1630392657096,10
1630392750829,10
1630392780114,10
1630392929520,-6
1630393453429,-6
1630394156519,-6
1630394346970,-6
1630394532139,-6
1630394670316,-6
1630394698326,-6
1630394726103,-6
1630395175499,-6
1630395182630,-6
1630395218100,-6
1630395628817,-6
1630395659598,-6
1630395664480,-6
1630395666121,-6
1630395682815,-6
1630405269908,-6
1630405568872,-6
1630405587846,-6
1630405592733,-6
1630405888291,-6
1630405888293,-6
1630405904914,-6
1630406149824,-6
1630406210382,-6
1630406504531,-6
1630406731487,-6
1630406831133,-6
1630406926661,-6
1630407088186,-6
1630407107389,-6
1630407703608,-6
1630407937963,-6
1630408421736,-6
1630408430599,-6
1630408440262,-6
1630408470957,-6
1630408506723,-6
1630408526043,-6
1630408538926,-6
1630408582864,-6
1630408598065,-6
1630408645666,-6
1630408662700,-6
1630408671727,-6
1630408675178,-6
1630408690102,-6
1630409014587,-6
1630409019247,-6
1630409051838,-6
1630409885226,-6
1630409899643,-6
1630410273046,-6
1630410338760,-6
1630410886167,-6
1630410940667,-6
1630410941741,-6
1630411125091,-6
1630411150321,-6
1630411151170,-6
1630411258817,-6
1630411352634,-6
1630411435020,-6
1630411472101,-6
1630411487955,-6
1630411532076,-6
1630411591749,-6
1630411958804,-6
1630411977617,-6
1630412085991,-6
1630412407647,-6
1630412434830,-6
1630412579384,-6
1630412614990,-6
1630412639496,-6
1630412642065,-6
1630413421991,-6
1630413439894,-6
1630413458239,-6
1630413490190,-6
1630413500731,-6
1630413504509,-6
1630413513190,-6
1630453775901,-6
1630453858782,-6
1630453862637,-6
1630453913164,-6
1630453928483,-6
1630454057555,-6
1630454066188,-6
1630454095253,-6
1630454204681,-6
1630454226148,-6
1630454755829,-6
1630454766832,-6
1630454792632,-6
1630454806742,-6
1630454813945,-6
1630454822051,-6
1630454827261,-6
1630454853335,-6
1630454927051,-6
1630454943805,-6
1630454951544,-6
1630456600535,-6
1630456620431,-6
1630456641354,-6
1630456664956,-6
1630456669090,-6
1630456673712,-6
1630456942144,-6
1630456966915,-6
1630456983576,-6
1630457145190,-6
1630457351127,-6
1630457378685,-6
1630457688763,-6
1630457835355,-6
1630457838420,-6
1630457852276,-6
1630458057811,-6
1630458063659,-6
1630458077632,-6
1630458120984,-6
1630458121235,-6
1630458165298,-6
1630458168549,-6
1630458379864,-6
1630458632423,-6
1630458651295,-6
1630459097912,-6
1630459407029,-6
1630459421963,-6
1630459422261,-6
1630459835284,-6
1630459849586,-6
1630459853067,-6
1630459872445,-6
1630460241035,-6
1630476095646,-6
1630476121138,-6
1630476123685,-6
1630476141858,-6
1630476151586,-6
1630476186301,-6
1630476318221,-6
1630476344317,-6
1630476348957,-6
1630476609274,-6
1630476626195,-6
1630476643023,-6
1630476811117,-6
1630476812084,-6
1630476918561,-6
1630477204457,-6
1630477254017,-6
1630477325628,-6
1630477382674,-6
1630477519531,-6
1630477547387,-6
1630477669143,-6
1630477738067,-6
1630477753992,-6
1630477863509,-6
1630477893944,-6
1630478058854,-6
1630478061014,-6
1630478264963,-6
1630478320041,-6
1630478345038,-6
1630478357416,-6
1630478590560,-6
1630478629946,-6
1630478641874,-6
1630478651257,-6
1630478661689,-6
1630478670579,-6
1630478673158,-6
1630478677395,-6
1630478683353,-6
1630478686558,-6
1630478690991,-6
1630478693182,-6
1630478696731,-6
1630478699560,-6
1630478704841,-6
1630478710700,-6
1630478715659,-6
1630478964186,-6
1630479032447,-6
1630479034428,-6
1630479043339,-6
1630479048083,-6
1630479055024,-6
1630479074339,-6
1630480120455,-6
1630480195882,-6
1630480220108,-6
1630480458467,-6
1630480486221,-6
1630480490159,-6
1630480493094,-6
1630480494408,-6
1630480497462,-6
1630480502934,-6
1630480505857,-6
1630488561686,-6
1630490569561,-6
1630490735817,-6
1630490793811,-6
1630490881521,-6
1630491030175,-6
1630491037084,-6
1630491260780,8
1630491406053,8
1630491754449,8
1630491896119,8
1630491905340,8
1630491910729,8
1630491939460,8
1630491948479,8
1630491973643,8
1630491975085,8
1630492452740,8
1630492462506,8
1630492481664,8
1630493049305,8
1630493070881,8
1630493075241,8
1630501903820,8
1630501945536,8
1630501950279,8
1630501952660,8
1630501957209,8
1630502225197,8
1630502309534,8
1630502311056,8
1630502542275,8
1630502551050,8
1630502570888,8
1630502695188,8
1630502819366,8
1630502819955,8
1630503156397,8
1630503391129,8
1630503571514,8
1630503692467,8
1630504390521,8
1630504431416,8
1630504734607,8
1630504772643,8
1630504822756,8
1630504962120,8
1630504997053,8
1630505314461,8
1630505324530,8
1630505600218,8
1630505628095,8
1630505648398,8
1630505653204,8
1630505845204,8
1630506057997,8
1630506155228,8
1630506359102,8
1630506546586,8
1630506694317,8
1630507081101,8
1630507176236,8
1630507224077,8
1630508361255,8
1630508535876,8
1630508696558,8
1630508721615,8
1630509288813,8
1630509294994,8
1630509305777,8
1630509314387,8
1630509316833,8
1630509333726,8
1630509336348,8
1630509349505,8
1630509356068,8
1630537692195,8
1630537755279,8
1630537981043,8
1630538009910,8
1630539002546,8
1630539246278,8
1630539548144,8
1630539554622,8
1630539571817,8
1630539580957,8
1630539586024,8
1630539590137,8
1630539594815,8
1630539596588,8
1630539838898,8
1630539852857,8
1630540132927,8
1630540148083,8
1630540162355,8
1630540179343,8
1630540422464,8
1630540469587,8
1630540472318,8
1630540653013,8
1630540786030,8
1630541008790,8
1630541034377,8
1630541038876,8
1630541112462,8
1630541229126,8
1630541410058,8
1630541439769,8
1630541539940,8
1630541548000,8
1630541552512,8
1630541556133,8
1630541561492,8
1630541728050,8
1630541728051,8
1630541821177,8
1630541910261,8
1630541919313,8
1630541925096,8
1630541946553,8
1630542798461,8
1630543143612,8
1630543459297,8
1630544571157,8
1630544612739,8
1630544678522,8
1630544697331,8
1630544698476,8
1630544701113,8
1630544703138,8
1630545136396,8
1630545137755,8
1630545139157,8
1630545168716,8
1630545188253,8
1630545561653,8
1630545575095,8
1630545592335,8
1630545803760,8
1630545829625,8
1630546037954,8
1630546163783,8
1630546177075,8
1630546445121,8
1630546445507,8
1630547016724,8
1630547025549,8
1630547328197,8
1630547734397,8
1630547897603,8
1630547926458,8
1630547930927,8
1630547951964,8
1630548003819,8
1630548007154,8
1630548008537,8
1630548014757,8
1630548016699,8
1630548020341,8
1630552589341,8
1630552598341,8
1630552603385,8
1630552604404,8
1630552628615,8
1630552632153,8
1630552637300,8
1630552643217,8
1630552648434,8
1630552657037,8
1630552666439,8
1630552677216,8
1630552687318,8
1630552704517,8
1630552782221,8
1630552832113,8
1630552833981,8
1630552937517,8
1630552939642,8
1630553230668,8
1630553306024,8
1630553917346,8
1630553918675,8
1630553922312,8
1630554143855,8
1630554293823,8
1630554522207,8
1630554615466,8
1630554620109,8
1630554799985,8
1630554803261,8
1630554988436,8
1630555012093,8
1630555120216,8
1630555143334,8
1630555148020,8
1630555685661,8
1630555703314,8
1630555929912,8
1630555951412,8
1630558162445,8
1630558177642,8
1630558193406,8
1630558771623,8
1630558830286,8
1630558902483,8
1630558924385,8
1630558952686,8
1630558965930,8
1630564050925,8
1630564068100,8
1630564089679,8
1630564092883,8
1630564310137,8
1630564328200,5
1630564465430,5
1630564571346,5
1630564751749,5
1630564885651,5
1630564886669,5
1630564948709,5
1630565107690,5
1630565107756,5
1630565240879,5
1630565282981,5
1630565420701,5
1630565489444,5
1630565589497,5
1630565595738,5
1630565845968,5
1630565847510,5
1630565929963,5
1630565931522,5
1630565932963,5
1630566501860,5
1630566529526,5
1630566530554,5
1630566930484,5
1630566989528,5
1630567301151,5
1630567304301,5
1630567312540,5
1630567387128,5
1630567393485,5
1630567448917,5
1630567485041,5
1630567868074,5
1630567912799,5
1630567999039,5
1630568061348,5
1630568064191,5
1630568262652,5
1630568389810,5
1630568434911,5
1630568471276,5
1630568494976,5
1630568500480,5
1630571639657,5
1630571639919,5
1630571812414,5
1630571822380,5
1630571826391,5
1630571838437,5
1630571953953,5
1630571973938,5
1630573703086,5
1630573704074,5
1630574299661,5
1630574459260,5
1630574480332,5
1630574564528,5
1630574711250,5
1630574791950,5
1630574906687,5
1630574968524,5
1630575127164,5
1630575344781,5
1630575514096,5
1630575556428,5
1630575816408,5
1630575918968,5
1630575948968,5
1630576364501,5
1630576380721,5
1630576385643,5
1630576387988,5
1630576415680,5
1630576435002,5
1630576657684,5
1630577496121,5
1630577572703,5
1630577598686,5
1630577618230,5
1630578607139,5
1630578829779,5
1630579071922,5
1630579163264,5
1630579172667,5
1630579428302,5
1630579474408,5
1630579585651,5
1630579620976,5
1630579650611,5
1630579759106,5
1630579782890,5
1630579787918,5
1630579788387,5
1630579803959,5
1630579958455,5
1630579985858,5
1630579988093,5
1630581129093,5
1630581137063,5
1630581298749,5
1630581306974,5
1630581351113,5
1630581355846,5
1630581616118,5
1630581628701,5
1630581630047,5
1630581831927,5
1630582041276,5
1630582359774,5
1630583045046,5
1630583098083,5
1630583109237,5
1630583131136,5
1630583311319,5
1630583548260,5
1630583563134,5
1630583571553,5
1630583605653,5
1630584408507,5
1630584449129,5
1630584945060,5
1630584959144,5
1630584991542,5
1630585026031,5
1630585031758,5
1630585042540,5
1630618465619,5
1630618467845,5
1630618841002,5
1630618869474,5
1630619167738,5
1630619188426,5
1630620850328,5
1630620858909,5
1630620887909,5
1630620973489,5
1630621004972,5
1630621113049,5
1630621139825,5
1630621648224,5
1630621706802,5
1630621736779,5
1630629939152,5
1630629988147,5
1630630031053,5
1630630225394,5
1630630276423,5
1630630627607,5
1630630638451,5
1630630649886,5
1630630729184,5
1630630823905,5
1630631091331,5
1630631358762,5
1630632250145,5
1630632379090,5
1630632407094,5
1630632438030,5
1630632438116,5
1630633527726,5
1630633547933,5
1630633618897,5
1630634075970,5
1630634110099,5
1630634140706,5
1630634142529,5
1630650360884,5
1630650383590,5
1630650387288,5
1630650389809,5
1630650395334,5
1630650659087,5
1630650677922,5
1630650955895,5
1630651045165,5
1630651050504,5
1630651139275,5
1630651482425,5
1630651699277,5
1630651766022,5
1630651889722,5
1630652282597,5
1630652285997,5
1630652503717,5
1630652633657,5
1630652803110,5
1630652925545,5
1630653215041,5
1630653219084,5
1630653323553,5
1630653334800,5
1630653340811,5
1630653392978,5
1630653500473,5
1630653513598,5
1630653513602,5
1630653523437,5
1630653552113,5
1630653603931,5
1630653603932,5
1630653603959,5
1630653702185,5
1630653712584,5
1630653712591,5
1630654488403,5
1630654498219,5
1630654519574,5
1630654583421,5
1630654583800,5
1630654763598,5
1630655200841,5
1630655335798,5
1630655479729,5
1630655634067,5
1630655951579,5
1630656095726,5
1630656119705,5
1630656222144,5
1630656225642,5
1630656294421,5
1630656330925,5
1630656432406,5
1630656433509,5
1630656501500,5
1630656757523,5
1630656943709,5
1630657123619,5
1630657186970,5
1630657346875,5
1630657351212,5
1630657386121,5
1630658361557,5
1630658364224,5
1630658381615,5
1630658386796,5
1630659113614,5
1630659124132,5
1630659671880,5
1630659676235,5
1630659701298,5
1630659708656,5
1630659751724,5
1630659769279,5
1630663147506,5
1630663151795,5
1630663399684,5
1630663437698,5
1630663959427,5
1630663981211,5
1630663982140,5
1630664003129,5
1630670231799,5
1630670533910,5
1630670554489,5
1630670554560,5
1630670557303,5
1630670561701,5
1630670566444,5
1630670567782,5
1630670573133,5
1630670577042,5
1630670745289,5
1630670761555,5
1630671066405,5
1630671288100,5
1630671595845,5
1630671595849,5
1630671808493,5
1630671847047,5
1630671850988,5
1630671914851,5
1630671942492,5
1630672025953,5
1630672412552,5
1630672421488,5
1630672439255,5
1630672547893,5
1630672653894,5
1630672690904,5
1630673468932,5
1630673472202,5
1630673490755,5
1630673491610,5
1630673497484,5
1630673519888,5
1630673534989,5
1630673593225,5
1630673634590,5
1630674219834,5
1630674223504,5
1630674233229,5
1630674254728,5
1630674263151,5
1630674672576,5
1630674681786,5
1630674925624,5
1630674946630,5
1630675739321,5
1630676529839,5
1630676900349,5
1630676970714,5
1630677149732,5
1630677431120,5
1630677457518,5
1630677995347,5
1630678018932,5
1630678020139,5
1630678026278,5
1630678046650,5
1630678056690,5
1630678109155,5
1630681797366,5
1630681798104,5
1630681840163,5
1630681843622,5
1630681873744,5
1630681886523,5
1630683400783,5
1630683667902,5
1630684417752,5
1630684611807,5
1630685109481,5
1630685164078,5
1630685317647,5
1630685321862,5
1630685326601,5
1630685333005,5
1630685342434,5
1630685369666,5
1630685388102,5
1630685643132,5
1630685676332,5
1630685711789,5
1630686170639,5
1630687296082,5
1630688466101,5
1630688506295,5
1630688541720,5
1630688574359,5
1630688595245,5
1630688598552,5
1630688600658,5
1630688602212,5
1630688633776,5
1630689042359,5
1630689072793,5
1630689178251,5
1630689194740,5
1630689687537,5
1630690201926,5
1630690681734,5
1630691002607,5
1630691072386,5
1630691123753,5
1630691141930,5
1630694601370,5
1630694608517,5
1630694623682,5
1630694627253,5
1630694631386,5
1630694633488,5
1630694643313,5
1630694647513,5
1630694652910,5
1630694698886,5
1630694712483,5
1630694722973,5
1630694868817,5
1630694919139,5
1630695425996,5
1630695506269,5
1630695506471,5
1630695629586,5
1630695630740,5
1630696886992,5
1630697070394,5
1630697096492,5
1630697097791,5
1630697456603,5
1630697465170,5
1630705767150,5
1630705773957,5
1630705787388,5
1630705793097,5
1630706122147,5
1630706142170,5
1630706358216,5
1630707118210,5
1630707590390,5
1630707792636,5
1630707923461,5
1630707939693,5
1630707942186,5
1630708255643,5
1630708259127,5
1630708274922,5
1630718140235,5
1630718164148,5
1630718183399,5
1630718205159,5
1630718225311,5
1630718252136,5
1630718327547,5
1630718524930,5
1630719448512,5
1630719498780,5
1630719749059,5
1630719819716,5
1630719825624,5
1630719841851,5
1630719848292,5
1630719849869,5
1630720696034,5
1630720712679,5
1630720722082,5
1630720728159,5
1630720740601,5
1630720749837,5
1630720755452,5
1630720766701,5
1630720771825,5
1630720777356,5
1630720779564,5
1630720790992,5
1630720798405,5
1630720895508,5
1630720924998,5
1630720965603,5
1630721040285,5
1630721045618,5
1630721053684,5
1630721100785,5
1630721119725,5
1630721134287,5
1630721197281,5
1630721199366,5
1630721249501,5
1630721374421,5
1630721382554,5
1630722119089,5
1630722122289,5
1630722561331,5
1630722890531,5
1630723136094,5
1630723168195,5
1630723845513,5
1630723845883,5
1630724210500,5
1630724214555,5
1630724221447,5
1630724268824,5
1630724314505,5
1630724325983,5
1630724331359,5
1630724336196,5
1630724349585,5
1630728026297,5
1630728091635,5
1630728101270,5
1630728134843,5
1630728457825,5
1630728699677,5
1630728897440,5
1630728898677,5
1630728922490,5
1630728924012,5
1630728928083,5
1630728941480,5
1630728947984,5
1630729389033,5
1630729507509,5
1630729526406,5
1630729671234,5
1630729674605,5
1630729801437,5
1630730615899,5
1630730740560,5
1630731160452,5
1630731252501,5
1630731400865,5
1630731630769,5
1630731650305,5
1630731654207,5
1630731827394,5
1630731867420,5
1630732049098,5
1630732059409,5
1630732121286,5
1630732137409,5
1630732146739,5
1630732156910,5
1630732172863,5
1630732176206,5
1630732588309,5
1630732617065,5
1630733926662,5
1630733933240,5
1630733977848,5
1630733986555,5
1630733998998,5
1630734008882,5
1630734025766,5
1630734037742,5
1630734066141,5
1630734112638,5
1630734268114,5
1630734413327,5
1630734437851,5
1630734597815,5
1630734601270,5
1630734615647,5
1630734889369,5
1630735192670,5
1630735318469,5
1630735429267,5
1630735532352,5
1630735677727,5
1630735798032,5
1630735963342,5
1630736149497,5
1630736296885,5
1630736361815,5
1630736506766,5
1630736527485,5
1630736560682,5
1630736590547,5
1630736596956,5
1630736600971,5
1630736978152,5
1630736978497,5
1630736999515,5
1630738598788,5
1630738621603,5
1630739688920,5
1630739703081,5
1630740029753,5
1630740040366,5
1630740063976,5
1630740269978,5
1630740868736,5
1630741020219,5
1630741023094,5
1630741144492,5
1630741263096,5
1630741645501,5
1630741840827,5
1630741868857,5
1630741913598,5
1630742025064,5
1630742058624,5
1630742091735,5
1630742520765,5
1630742796123,5
1630742796359,5
1630742796385,5
1630742796582,5
1630742796610,5
1630742810501,5
1630742813442,5
1630742846856,5
1630742852584,5
1630742957408,5
1630743329123,5
1630743487734,5
1630743607073,5
1630743713134,5
1630743864218,5
1630743887479,5
1630744071281,5
1630744239043,5
1630744406847,5
1630744608457,5
1630744647781,5
1630744907233,5
1630744917184,5
1630744924010,5
1630744978103,5
1630744989765,5
1630745000247,5
1630745524665,5
1630745562816,5
1630745795865,5
1630745825616,5
1630745843350,5
1630746080089,5
1630746255356,5
1630746397527,5
1630746644157,5
1630746670319,5
1630746885998,5
1630746963953,5
1630747071968,5
1630747489423,5
1630747585958,5
1630747589573,5
1630747734556,5
1630747901348,5
1630747917249,5
1630748211569,5
1630748223268,5
1630748323868,5
1630748753708,5
1630748773485,5
1630748808496,5
1630748828674,5
1630748835414,5
1630748859764,5
1630749018406,5
1630749033794,5
1630749510975,5
1630749513333,5
1630749547575,5
1630749688491,5
1630749724792,5
1630749831747,5
1630749918712,5
1630750128624,5
1630750284952,5
1630750287359,5
1630750453221,5
1630750751347,5
1630750905126,5
1630750952946,5
1630750984207,5
1630750984542,5
1630750995812,5
1630751445177,5
1630751459421,5
1630751471751,5
1630752473447,5
1630752496867,5
1630759453382,5
1630759844224,5
1630759873294,5
1630760256751,5
1630760273170,5
1630762289419,5
1630762305570,5
1630762306101,5
1630762363874,5
1630762446130,5
1630762762207,5
1630762764712,5
1630762779646,5
1630762802512,5
1630762814813,5
1630762821025,5
1630771775369,5
1630771816671,5
1630772018178,5
1630772054873,5
1630772065133,5
1630772098801,5
1630772109294,5
1630772575682,5
1630772689414,5
1630772879380,5
1630774150477,5
1630775014006,5
1630775047264,5
1630775856184,5
1630775892768,5
1630779670843,5
1630779727649,5
1630779747071,5
1630779758731,5
1630779761052,5
1630780157602,5
1630780183350,5
1630780198906,5
1630780525814,5
1630780532995,5
1630780678281,5
1630780752436,5
1630781019939,5
1630781501454,5
1630781759793,5
1630782011589,5
1630782029349,5
1630783374503,5
1630783511982,5
1630783531672,5
1630783536619,5
1630783548879,5
1630783709772,5
1630783725515,5
1630783758941,5
1630783762482,5
1630783773252,5
1630783823852,5
1630783867316,5
1630783912293,5
1630783924551,5
1630783960978,5
1630783995820,5
1630784016579,5
1630784053338,5
1630784123002,5
1630784139375,5
1630784205713,5
1630784247195,5
1630784660246,5
1630785018227,5
1630785134728,5
1630785291001,5
1630785444928,5
1630785875094,5
1630785879804,5
1630786105134,5
1630786119150,5
1630786260434,5
1630786268481,5
1630786280116,5
1630786310798,5
1630786318195,5
1630786330902,5
1630786619029,5
1630786644902,5
1630786661064,5
1630786933384,5
1630787456603,5
1630787554057,5
1630788316604,5
1630788393243,5
1630788471778,5
1630788627989,5
1630788740030,5
1630788901539,5
1630788910770,5
1630788922534,5
1630788977924,5
1630788999572,5
1630789009684,5
1630789098580,5
1630789159316,5
1630789217054,5
1630789233809,5
1630789265964,5
1630789289020,5
1630789717884,5
1630789852032,5
1630790230560,5
1630790333457,5
1630790334824,5
1630790402760,5
1630790464248,5
1630790809905,5
1630791240264,5
1630791394551,5
1630791421623,5
1630791423490,5
1630791884765,5
1631068333315,5
1631068349020,5
1631068354173,5
1631068382404,5
1631068394439,5
1631069490554,5
1631069506935,5
1631069655536,5
1631069670281,5
1631069672901,5
1631070862497,5
1631070893852,5
1631071356696,5
1631071384491,5
1631071392701,5
1631071451118,5
1631071460710,5
1631071464651,5
1631071495395,5
1631071525196,5
1631071596900,5
1631071641694,5
1631071717311,5
1631071735789,5
1631071749190,5
1631071769652,5
1631071979337,5
1631072034132,5
1631072035054,5
1631072036855,5
1631072047938,5
1631072048476,5
1631072053551,5
1631072058308,5
1631072066693,5
1631072081614,5
1631072099339,5
1631072105392,5
1631072115419,5
1631072178123,5
1631072214851,5
1631072313412,5
1631072319417,5
1631072398079,5
1631072420077,5
1631072426230,5
1631072432372,5
1631078797835,5
1631078804991,5
1631078807730,5
1631078812137,5
1631078816532,5
1631078823538,5
1631078829943,5
1631078836236,5
1631078847286,5
1631078854239,5
1631078902409,5
1631078909176,5
1631078913568,5
1631079280974,5
1631079289031,5
1631079294838,5
1631079300315,5
1631079302730,5
1631079307095,5
1631079314025,5
1631079319458,5
1631079321298,5
1631079321808,5
1631079322801,5
1631079324292,5
1631079334631,5
1631079335395,5
1631079339270,5
1631079339604,5
1631079347759,5
1631079352412,5
1631079371294,5
1631079380137,5
1631079407453,5
1631079422820,5
1631079486532,5
1631079504275,5
1631079514528,5
1631079567910,5
1631080069789,5
1631080074189,5
1631080493239,5
1631080792877,5
1631080928825,5
1631080966702,5
1631080993663,5
1631081877414,5
1631081904254,5
1631146191611,5
1631146211921,5
1631146562153,5
1631146709310,5
1631146717582,5
1631146760500,5
1631146769221,5
1631146776501,5
1631146780295,5
1631146981284,5
1631147008482,5
1631147033047,5
1631147046901,5
1631147080420,5
1631147868595,5
1631147901305,5
1631148002491,5
1631148029343,5
1631148043312,5
1631148275482,5
1631148481661,5
1631155332637,5
1631155356896,5
1631155471591,5
1631155486119,5
1631155537503,5
1631155871786,5
1631155877083,5
1631157462815,5
1631157465336,5
1631157484897,5
1631157488489,5
1631157991928,5
1631157992175,5
1631157997642,5
1631158013859,5
1631158129949,5
1631158168953,5
1631158183155,5
1631158468430,5
1631158480314,5
1631158519647,5
1631158528650,5
1631158633565,5
1631158690452,5
1631158731714,5
1631158769972,5
1631158816022,5
1631163330694,5
1631165334927,5
1631165344627,5
1631165347618,5
1631165351264,5
1631166736621,5
1631166788526,5
1631167062555,5
1631167471468,5
1631167629540,5
1631167638318,5
1631167771618,5
1631167800118,5
1631168151270,5
1631168187819,5
1631168720260,5
1631168896653,5
1631168896689,5
1631168995839,5
1631169128104,5
1631169128518,5
1631169139759,5
1631169140313,5
1631169145152,5
1631169168576,5
1631169172475,5
1631169706661,5
1631169728420,5
1631169744170,5
1631169745480,5
1631169745481,5
1631169938903,5
1631169958512,5
1631170008169,5
1631170252394,5
1631170536037,5
1631170577872,5
1631170660492,5
1631170710660,5
1631170903669,5
1631170910266,5
1631171039027,5
1631171154230,5
1631171287388,5
1631171353425,5
1631171689702,5
1631171887478,5
1631172101263,5
1631172115059,5
1631172253374,5
1631172280491,5
1631172295305,5
1631172340785,5
1631172383987,5
1631172394185,5
1631172474585,5
1631172478893,4
1631172482371,4
1631172552447,4
1631172970191,4
1631172981353,4
1631172996313,4
1631173093668,4
1631173106123,4
1631173549910,4
1631173571352,4
1631173576805,4
1631173581270,4
1631173581988,4
1631173583570,4
1631174199044,4
1631174199649,4
1631174212946,4
1631174238284,4
1631174282966,4
1631174296724,4
1631175102971,4
1631175149614,4
1631175159162,4
1631175173583,4
1631175206225,4
1631175264312,4
1631175275773,4
1631175347979,4
1631175427083,4
1631175474820,4
1631175663012,4
1631175694657,4
1631175803547,4
1631175969577,4
1631176103630,4
1631176107933,4
1631176167099,4
1631176268564,4
1631176318049,4
1631176386826,4
1631176396924,4
1631176400002,4
1631176412093,4
1631176616186,4
1631176625562,4
1631176649803,4
1631177004487,4
1631177096059,4
1631177110381,4
1631177489988,4
1631177726316,4
1631177766049,4
1631177882547,4
1631177970825,4
1631178154783,4
1631178331360,4
1631178345231,4
1631178436521,4
1631178447871,4
1631178494877,4
1631178552656,4
1631178688622,4
1631179128344,4
1631179282061,4
1631179364167,4
1631179412264,4
1631179417127,4
1631179429190,4
1631179446984,4
1631179468604,4
1631179598154,4
1631179621252,4
1631179974206,4
1631181145165,4
1631181152898,4
1631181165686,4
1631183809013,4
1631183814113,4
1631183820863,4
1631183849463,4
1631183862730,4
1631184020069,4
1631184202466,4
1631184204811,4
1631184223905,4
1631184236974,4
1631184247805,4
1631184535045,4
1631184632487,4
1631185084682,4
1631185118306,4
1631185119307,4
1631185224292,4
1631185284407,4
1631185360484,4
1631185454480,4
1631185639033,4
1631185783474,4
1631185871892,4
1631185990412,4
1631186084649,4
1631186098439,4
1631186371960,4
1631186633564,4
1631186664895,4
1631186688525,4
1631187129179,4
1631187154499,4
1631191361377,4
1631191375477,4
1631191378531,4
1631191393715,4
1631191396512,4
1631191404491,4
1631191409972,4
1631191417926,4
1631233907893,4
1631233921831,4
1631234377859,4
1631234394091,4
1631234397318,4
1631234430340,4
1631234437037,4
1631235785128,4
1631235799904,4
1631236411659,4
1631236429562,4
1631236521244,4
1631236530310,4
1631236537219,4
1631236726704,4
1631236921798,4
1631237042675,4
1631237684733,4
1631238083319,4
1631238317334,4
1631238329776,4
1631238505966,4
1631238505972,4
1631238564507,4
1631238608988,4
1631239230907,4
1631239712141,4
1631239727020,4
1631239752105,4
1631239757999,4
1631239786904,4
1631239803171,4
1631239803172,4
1631239841707,4
1631239852183,4
1631239872159,4
1631239891660,4
1631239897214,4
1631240032203,4
1631240168259,4
1631240217583,4
1631240229570,4
1631240229583,4
1631240244834,4
1631240250678,4
1631240400596,4
1631240718175,4
1631240749547,4
1631240880314,4
1631240902609,4
1631240971940,4
1631241029580,4
1631241124568,4
1631241336537,4
1631241338315,4
1631241631953,4
1631241631960,4
1631242477503,4
1631242648702,4
1631242676404,4
1631243315823,4
1631243320175,4
1631243340093,4
1631243676912,4
1631243707238,4
1631243712252,4
1631250912172,4
1631250926881,4
1631251011317,4
1631251015542,4
1631251036097,4
1631251045974,4
1631251063799,4
1631251320374,4
1631251341578,4
1631251344785,4
1631251360562,4
1631251363036,4
1631251640345,4
1631252030981,4
1631252494785,4
1631252737828,4
1631252752566,4
1631252980239,4
1631253109165,4
1631253414240,4
1631253631366,4
1631253762642,4
1631253781404,4
1631253784705,4
1631253857423,4
1631253940194,4
1631254032777,4
1631254040992,4
1631254168099,4
1631254171113,-9
1631254180301,-9
1631254190971,-9
1631254202316,-9
1631254207797,-9
1631254219199,-9
1631254219418,-9
1631254225416,-9
1631254234794,-9
1631254238289,-9
1631254242235,-9
1631254253060,-9
1631254255934,-9
1631254266850,-9
1631254270975,-9
1631254283339,-9
1631254287872,-9
1631254297779,-9
1631254302771,-9
1631254307022,-9
1631254310777,-9
1631255346753,-9
1631255405522,-9
1631255434951,-9
1631255438233,-9
1631255452354,-9
1631255461674,-9
1631255491694,-9
1631255501811,-9
1631255617338,-9
1631255619650,-9
1631255628715,-9
1631255775477,-9
1631255776899,-9
1631255778072,-9
1631255780801,-9
1631256043379,-9
1631256099733,-9
1631256149455,-9
1631256239977,-9
1631256259733,-9
1631256731028,-9
1631256758929,-9
1631256768655,-9
1631257062233,-9
1631257081058,-9
1631257092671,-9
1631257102556,-9
1631257153333,-9
1631257547623,-9
1631257576329,-9
1631257691082,-9
1631257747377,-9
1631257806413,-9
1631257836709,-9
1631257869392,-9
1631257909950,-9
1631257947928,-9
1631258114645,-9
1631258114649,-9
1631258121064,-9
1631258153728,-9
1631258973624,-9
1631259183777,-9
1631259211413,-9
1631259747064,-9
1631259766099,-9
1631259931136,-9
1631259933595,-9
1631259959175,-9
1631259962421,-9
1631259965982,-9
1631261250784,-9
1631261274508,-9
1631261278024,-9
1631261280354,-9
1631261709232,-9
1631261732248,-9
1631261828228,-9
1631261861106,-9
1631261898734,-9
1631261914686,-9
1631262664392,-9
1631262748079,-9
1631262879567,-9
1631262952989,-9
1631263042150,-9
1631263169842,-9
1631263277807,-9
1631263392883,-9
1631263559921,-9
1631263686435,-9
1631263687356,-9
1631263698749,-9
1631263742110,-9
1631263840951,-9
1631263873101,-9
1631263947761,-9
1631263948169,-9
1631264327940,-9
1631264346552,-9
1631264353693,-9
1631264391071,-9
1631264953592,-9
1631265163259,-9
1631265163778,-9
1631265686039,-9
1631265708097,-9
1631265797032,-9
1631265822832,-9
1631265970007,-9
1631266116358,-9
1631266121718,-9
1631266184218,-9
1631266294519,-9
1631266483118,-9
1631266513001,-9
1631266893065,-9
1631266897105,-9
1631266899923,-9
1631266923016,-9
1631267025084,-9
1631267063023,-9
1631267674360,-9
1631267679178,-9
1631267698603,-9
1631267710697,-9
1631268052005,-9
1631268209505,-9
1631268464871,-9
1631268507969,-9
1631268734670,-9
1631268805886,-9
1631268860906,-9
1631268915758,-9
1631269040774,-9
1631269090199,-9
1631269103927,-9
1631269149619,-9
1631269181921,-9
1631269279212,-9
1631269285722,-9
1631270742123,-9
1631270775979,-9
1631270939326,-9
1631271129180,-9
1631271363578,-9
1631271619184,-9
1631271834063,-9
1631271971988,-9
1631271972992,-9
1631271996225,-9
1631272306927,-9
1631272325225,-9
1631272332833,-9
1631284066649,-9
1631284066881,-9
1631284124663,-9
1631284713574,-9
1631284718012,-9
1631284721791,-9
1631284725550,-9
1631285234927,-9
1631285264075,-9
1631285442363,-9
1631285469315,-9
1631285753100,-9
1631286310428,-9
1631286330392,-9
1631287109355,-9
1631287177865,-9
1631287308518,-9
1631287457671,-9
1631287598473,-9
1631287919547,-9
1631289857806,-9
1631289963240,-9
1631289964545,-9
1631289979176,-9
1631290238186,-9
1631290241125,-9
1631290269504,-9
1631290768638,-9
1631290776702,-9
1631290778443,-9
1631290792527,-9
1631290834149,-9
1631290941754,-9
1631290943814,-9
1631291541909,-9
1631291550470,-9
1631291555010,-9
1631292321317,-9
1631292454543,-9
1631292480567,-9
1631292833486,-9
1631292842293,-9
1631292875413,-9
1631292957033,-9
1631293001944,-9
1631293014110,-9
1631293205166,-9
1631293205167,-9
1631293229204,-9
1631293993134,-9
1631294140119,-9
1631294143716,-9
1631294205144,-9
1631294221271,-9
1631294312461,-9
1631294526908,-9
1631295840452,-9
1631295974430,-9
1631295980514,-9
1631296106746,-9
1631296136035,-9
1631296184221,-9
1631296184567,-9
1631296190332,-9
1631296224213,-9
1631296240347,-9
1631297661012,-9
1631297684118,-9
1631300805696,-9
1631300812216,-9
1631300873972,-9
1631300880328,-9
1631300882096,-9
1631300885233,-9
1631300885880,-9
1631300888113,-9
1631300891669,-9
1631300902553,-9
1631301059295,-9
1631301260975,-9
1631301271948,-9
1631301336548,-9
1631301414032,-9
1631301427192,-9
1631301834548,-9
1631301987516,-9
1631302177392,-9
1631302487102,-9
1631302786367,-9
1631303648194,-9
1631303829236,-9
1631303882251,-9
1631303910112,-9
1631304723536,-9
1631304746573,-9
1631305203772,-9
1631306124557,-9
1631306127815,-9
1631306723255,-9
1631306738774,-9
1631306770388,-9
1631307161197,-9
1631307305548,-9
1631307559991,-9
1631307613918,-9
1631307663146,-9
1631307696883,-9
1631307787388,-9
1631307788297,-9
1631307839380,-9
1631307844062,-9
1631307861365,-9
1631307870746,-9
1631308026924,-9
1631308043661,-9
1631308052109,-9
1631308070906,-9
1631308074373,-9
1631308172905,-9
1631308193084,-9
1631308755416,-9
1631309196788,-9
1631309648772,-9
1631309664654,-9
1631311222856,-9
1631311248802,-9
1631311251844,-9
1631312062395,-9
1631312098742,-9
1631312517365,-9
1631312579969,-9
1631312605398,-9
1631312610797,-9
1631312813098,-9
1631312821519,-9
1631312822999,-9
1631312827699,-9
1631312834493,-9
1631312836858,-9
1631312838059,-9
1631312856573,-9
1631312884229,-9
1631312947557,-9
1631313310384,-9
1631313342948,-9
1631313589175,-9
1631313743312,-9
1631313769513,-9
1631314238381,-9
1631314250371,-9
1631314261303,-9
1631314463858,-9
1631314491176,-9
1631314501640,-9
1631330551440,-9
1631330560768,-9
1631330563500,-9
1631330576466,-9
1631332032721,-9
1631332051462,-9
1631332071400,-9
1631332075668,-9
1631332940925,-9
1631332970353,-9
1631332976579,-9
1631333587712,-9
1631333619527,-9
1631333625994,-9
1631333636626,-9
1631333644949,-9
1631333659510,-9
1631334647555,-9
1631338371042,-9
1631338396961,-9
1631338427043,-9
1631338430677,-9
1631338476765,-9
1631338828326,-9
1631338847764,-9
1631338938999,-9
1631338965879,-9
1631339256089,-9
1631339619113,-9
1631339743126,-9
1631339761512,-9
1631340142959,-9
1631340187908,-9
1631340411815,-9
1631340441547,-9
1631340444430,-9
1631340447889,-9
1631341085608,-9
1631341136835,-9
1631341155629,-9
1631341169252,-9
1631341204986,-9
1631341384881,-9
1631341404985,-9
1631342014460,-9
1631342017856,-9
1631342027096,-9
1631342030617,-9
1631342035723,-9
1631342039126,-9
1631342928691,-9
1631342953750,-9
1631344110086,-9
1631344232138,-9
1631344344084,-9
1631344527284,-9
1631344633317,-9
1631344641964,-9
1631344643996,-9
1631344663060,-9
1631344669884,-9
1631344674824,-9
1631344680876,-9
1631344683061,-9
1631344690396,-9
1631344776065,-9
1631344792637,-9
1631344954254,-9
1631345080374,-9
1631345111431,-9
1631345258724,-9
1631345275706,-9
1631345527055,-9
1631345533602,-9
1631345661459,-9
1631345687285,-9
1631346124515,-9
1631346143793,-9
1631346148059,-9
1631346157919,-9
1631346162153,-9
1631346165198,-9
1631350160168,-9
1631350176087,-9
1631350292198,-9
1631350296437,-9
1631350307255,-9
1631350314150,-9
1631350641931,-9
1631350649190,-9
1631350662890,-9
1631351244790,-9
1631351262114,-9
1631351568690,-9
1631351696078,-9
1631351783209,-9
1631351943199,-9
1631351963019,-9
1631352232519,-9
1631352237911,-9
1631352371930,-9
1631352416960,-9
1631352499709,-9
1631352565201,-9
1631352597577,-9
1631352610970,-9
1631352646338,-9
1631352748026,-9
1631352754145,-9
1631352764299,-9
1631352836022,-9
1631352837161,-9
1631352856762,-9
1631352861101,-9
1631353286024,-9
1631354819429,-9
1631354868625,-9
1631355964001,-9
1631355974877,-9
1631357306220,-9
1631357331505,-9
1631357339578,-9
1631357345302,-9
1631357350778,-9
1631357383113,-9
1631357957344,-9
1631357984711,-9
1631357989354,-9
1631357998939,-9
1631358221259,-9
1631358224416,-9
1631358282097,-9
1631358332615,-9
1631358384718,-9
1631358489525,-9
1631358523105,-9
1631358526583,-9
1631358531905,-9
1631358543405,-9
1631358549104,-9
1631358550881,-9
1631358858194,-9
1631358862239,-9
1631359109415,-9
1631359120799,-9
1631359282042,-9
1631359345508,-9
1631359558724,-9
1631359583428,-9
1631360224257,-9
1631360254472,-9
1631360464138,-9
1631360492790,-9
1631361877028,-9
1631361910195,-9
1631361919557,-9
1631361920247,-9
1631413053320,-9
1631413088126,-9
1631414524952,-9
1631414701825,-9
1631414829147,-9
1631414930319,-9
1631414940238,-9
1631414965705,-9
1631415569721,-9
1631415614772,-9
1631415666632,-9
1631415666635,-9
1631415676446,-9
1631415707952,-9
1631415715796,-9
1631415717829,-9
1631417849369,-9
1631417869881,-9
1631417874971,-9
1631417929914,-9
1631417973012,-9
1631418020538,-9
1631418023496,-9
1631418068307,-9
1631418081596,-9
1631418089247,-9
1631418103417,-9
1631418153518,-9
1631418175630,-9
1631418178621,-9
1631418216958,-9
1631418266659,-9
1631418300731,-9
1631418354811,-9
1631418418052,-9
1631418512872,-9
1631418513438,-9
1631418559054,-9
1631418559080,-9
1631418564693,-9
1631418639873,-9
1631418640736,-9
1631418646499,-9
1631418654598,-9
1631418671780,-9
1631418783057,-9
1631419354951,-9
1631419354954,-9
1631419587786,-9
1631419589950,-9
1631419638431,-9
1631419655729,-9
1631419661803,2
1631419851700,2
1631419877100,2
1631420096238,2
1631420262460,2
1631420296240,2
1631420320184,2
1631421008593,2
1631421026418,2
1631421281523,2
1631421305445,2
1631421308827,2
1632221311664,2
1632221323961,2
1632221342961,2
1632221346875,2
1632221380074,2
1632221386518,2
1632221410316,2
1632221615369,2
1632221624376,2
1632221631847,2
1632221654010,2
1632222054529,2
1632222064410,2
1632222065810,2
1632222347046,2
1632222371882,2
1632222374933,2
1632222376884,2
1632222379133,2
1632222382626,2
1632222395315,2
1632222433714,2
1632222436382,2
1632222443115,2
1632539312352,2
1632539319438,2
1632539329566,2
1632539348442,2
1632539350064,2
1633225816883,2
1633225865317,2
1633225879682,2
1633225894620,2
1633225896866,2
1633225970676,2
1633225985656,2
1633225999937,2
1633226042917,2
1633232945042,2
1633232987041,2
1633233009426,2
1633233014307,2
1633233019965,2
1633233030397,2
1633233483640,2
1633233674949,2
1633233691938,2
1633233695101,2
1633233939090,2
1633234079185,2
1633234079707,2
1633234094105,2
1633234104345,2
1633234108818,2
1633234112239,2
1633234226199,2
1633235839143,2
1633236580061,2
1633236950100,2
1633236988166,2
1633237005197,2
1633237008967,2
1633237018971,2
1633237022428,2
1633237030052,2
1633237042351,2
1633237053849,2
1633237160438,2
1633237164843,2
1633239587648,2
1633239605729,2
1633239638273,2
1633239648873,2
1633239665256,2
1633239695164,2
1633241416800,2
1633241417910,2
1633241818378,2
1633241831253,2
1633242157307,2
1633242160701,2
1633242164937,2
1633242193257,2
1633242198490,2
1633242203370,2
1633242215390,2
1633242412665,2
1633242453387,2
1633242456001,2
1633243111865,2
1633243993575,2
1633244316116,2
1633244316472,2
1633244316473,2
1633244316499,2
1633244697840,2
1633244809449,2
1633244842719,2
1633244855887,2
1633244859326,2
1633245201681,2
1633245212004,2
1633245240580,2
1633245251287,2
1633245259870,2
1633245261970,2
1633245365728,2
1633245382747,2
1633245389971,2
1633245400246,2
1633307153749,2
1633307176103,2
1633308066805,2
1633308078073,2
1633308289579,2
1633308291091,2
1633308303107,2
1633308304316,2
1633308306584,2
1633309541996,2
1633309656335,2
1633309669605,2
1633309672608,2
1633309907884,2
1633310347813,2
1633310362193,2
1633310417711,2
1633311443181,2
1633311461671,2
1633311469418,2
1633311496127,2
1633311522508,2
1633312816238,2
1633312849178,2
1633312850983,2
1633312853559,2
1633312960485,2
1633312968963,2
1633313033753,2
1633314361233,2
1633314401259,2
1633314621837,2
1633315192250,2
1633315214225,2
1633315227868,2
1633315230346,2
1633315230720,2
1633315760493,2
1633315770522,2
1633316120715,2
1633316146921,2
1633316212146,2
1633316241638,2
1633316256218,2
1633317176727,2
1633317408685,2
1633317720001,2
1633317724897,2
1633317734107,2
1633317737845,2
1633318115598,2
1633318670696,2
1633318688699,2
1633318700865,2
1633318850699,2
1633319833524,2
1633319852815,2
1633319861883,2
1633319867121,2
1633319887042,2
1633319908994,2
1633320189185,2
1633320212399,2
1633320212855,2
1633320221155,2
1633321925451,2
1633322122351,2
1633322460458,2
1633322519420,2
1633322533494,2
1633322544120,2
1633322554229,2
1633322585712,2
1633322588401,2
1633322590543,2
1633322592772,2
1633323812662,2
1633324102401,2
1633324150661,2
1633324239548,2
1633324276492,2
1633324316986,2
1633324326867,2
1633324333192,2
1633324334734,2
1633324335909,2
1633324336953,2
1633324739656,2
1633324754273,2
1633324831035,2
1633324833700,2
1633324846942,2
1633324851678,2
1633336274081,2
1633336297256,2
1633336299865,2
1633336943257,2
1633336953328,2
1633339464269,2
1633339543255,2
1633341279432,2
1633341334799,2
1633341636098,2
1633341842100,2
1633342473049,2
1633342485259,2
1633342506409,2
1633342862418,2
1633343420416,2
1633343532827,2
1633343538343,2
1633343572750,2
1633343673451,2
1633343726198,2
1633343739148,2
1633343773950,2
1633343781508,2
1633345635042,2
1633345964960,2
1633346176701,2
1633346229345,2
1633346240261,2
1633346291774,2
1633346901353,2
1633347552659,2
1633347765137,2
1633347911707,2
1633347937205,2
1633348071969,2
1633348077268,2
1633348080399,2
1633348082015,2
1633348120507,2
1633348137881,2
1633352536999,2
1633352550732,2
1633352558660,2
1633352558677,2
1633352582545,2
1633352584191,2
1633352853350,2
1633352856011,2
1633352861731,2
1633352887099,2
1633352895035,2
1633352903355,2
1633353060835,2
1633353183131,2
1633353899262,2
1633353903006,2
1633353917467,2
1633354677389,2
1633354825771,2
1633354839373,2
1633354923334,2
1633354928756,2
1633354928870,2
1633354977988,2
1633355071494,2
1633355163732,2
1633355227941,2
1633355314678,2
1633355378621,2
1633355434701,2
1633355440062,2
1633355785500,2
1633356357789,2
1633356402545,2
1633357154023,2
1633357159594,2
1633357197583,2
1633357226081,2
1633357229098,2
1633357232293,2
1633357236114,2
1633357922900,2
1633358001316,2
1633358041770,2
1633358048472,2
1633358156170,2
1633358690481,2
1633358996597,2
1633358996600,2
1633358996623,2
1633358996722,2
1633359747787,2
1633359876969,2
1633360301619,2
1633360310768,2
1633360316624,2
1633360336303,2
1633360341099,2
1633360794962,2
1633360809704,2
1633361707755,2
1633361926856,2
1633362480874,2
1633362733710,2
1633362757218,2
1633362777408,2
1633362847982,2
1633362927823,2
1633363160561,2
1633363227882,2
1633363331786,2
1633363838120,2
1633364375322,2
1633366279845,2
1633366284731,2
1633366287535,2
1633366307855,2
1633366310284,2
1633367782117,2
1633367821832,2
1633368020174,2
1633368060732,2
1633368094091,2
1633368169537,2
1633368304930,2
1633368647479,2
1633368648869,2
1633369068574,2
1633369069039,2
1633369831480,2
1633370312892,2
1633371131157,2
1633371272253,2
1633371282398,2
1633371302114,2
1633371305296,2
1633371308915,2
1633371641261,2
1633371799931,2
1633371813943,2
1633372681436,2
1633372726249,2
1633373210699,2
1633373499179,2
1633373500833,2
1633373503655,2
1633373680113,2
1633373687770,2
1633373688067,2
1633373728555,2
1633373837117,2
1633373931585,2
1633373960808,2
1633373997717,2
1633373998495,2
1633374008616,2
1633375290396,2
1633376082708,2
1633376101997,2
1633376115359,2
1633376118974,2
1633376122244,2
1633376125073,2
1633377065919,2
1633377166545,2
1633377189848,2
1633377200945,2
1633377208799,2
1633377212888,2
1633377235618,2
1633377368260,2
1633377403447,2
1633377761161,2
1633377761324,2
1633378168495,2
1633378178917,2
1633378181257,2
1633378185497,2
1633378917394,2
1633378941592,2
1633379097355,2
1633379524067,2
1633379779646,2
1633379804908,2
1633379806618,2
1633380149284,2
1633380261645,2
1633380278315,2
1633380670603,2
1633381175172,2
1633381423734,2
1633381452997,2
1633381916392,2
1633382214043,2
1633382226322,2
1633382238877,2
1633382247964,2
1633382329547,2
1633382343256,2
1633382343258,2
1633382381839,2
1633382400076,2
1633382455107,2
1633382469072,2
1633382484088,2
1633382496389,2
1633382512716,2
1633382537935,2
1633382544876,2
1633383094166,2
1633383986174,2
1633384966259,2
1633385054413,2
1633385063953,2
1633385146651,2
1633385148410,2
1633385152275,2
1633385178632,3
1633385186074,3
1633386017577,3
1633386024442,3
1633386026812,3
1633386132500,3
1633386135820,3
1633386142171,3
1633386154703,3
1633386170372,3
1633386183711,3
1633386189159,3
1633386192538,3
1633386196730,3
1633386201649,3
1633386206094,3
1633386212380,3
1633386239707,3
1633386242495,3
1633386480273,3
1633386583603,3
1633386694844,3
1633387042469,3
1633387725046,3
1633388253622,3
1633388388594,3
1633388429161,3
1633388577419,3
1633388578802,3
1633388744552,3
1633388757311,3
1633389497744,3
1633389545680,3
1633389551470,3
1633389853284,3
1633389870067,3
1633389934825,3
1633390155099,3
1633390678997,3
1633390679396,3
1633390699954,3
1633390740843,3
1633390935298,3
1633391259136,3
1633397319940,3
1633397332816,3
1633397368693,3
1633397382124,3
1633397679432,3
1633397684485,3
1633397873277,3
1633397876522,3
1633397886983,3
1633397899859,3
1633397902497,3
1633397909849,3
1633397931235,3
1633397932094,3
1633397933120,3
1633397934614,3
1633397939115,3
1633398427356,3
1633398439589,3
1633398626884,3
1633398922882,3
1633398951449,3
1633399156317,3
1633399528721,3
1633399537385,3
1633399566727,3
1633399573678,3
1633399577419,3
1633399595225,3
1633400021340,3
1633400179960,3
1633400203938,3
1633400214443,3
1633400225582,3
1633400475248,3
1633400910681,3
1633400967359,3
1633400997241,3
1633401006560,3
1633401517683,3
1633401747552,3
1633401761512,3
1633402046930,3
1633402079242,3
1633402121105,3
1633402131140,3
1633402132089,3
1633402144148,3
1633402253346,3
1633402260646,3
1633402286187,3
1633402314622,3
1633402321593,3
1633402333741,3
1633402570622,3
1633402578087,3
1633403214379,3
1633403221282,3
1633403250571,3
1633403260032,3
1633403260673,3
1633403270249,3
1633403324403,3
1633404294586,3
1633404411046,3
1633404411743,3
1633404447604,3
1633404547986,3
1633404587053,3
1633404621051,3
1633404624790,3
1633404760595,3
1633404855920,3
1633404960621,3
1633404961220,3
1633405242449,3
1633405341259,3
1633405347767,3
1633405643798,3
1633405939717,3
1633405951221,3
1633406214922,3
1633406672276,3
1633406773846,3
1633406806189,3
1633407052713,3
1633407300603,3
1633407345117,3
1633408214394,3
1633408244817,3
1633408250437,3
1633408641768,3
1633408659403,3
1633408786158,3
1633408809313,3
1633408880773,3
1633408883940,3
1633408884274,3
1633408888619,3
1633408900394,3
1633409115172,3
1633409129934,3
1633409630759,3
1633409840266,3
1633409870756,3
1633410452967,3
1633410454257,3
1633410510541,3
1633410516564,3
1633410562387,3
1633410564920,3
1633410571822,3
1633410668136,3
1633410675762,3
1633410718623,3
1633411004058,3
1633411006121,3
1633411059979,3
1633411072162,3
1633411074456,3
1633411156771,3
1633411157835,3
1633411186514,3
1633411187194,3
1633411191138,3
1633411724033,3
1633411725842,3
1633411742507,3
1633411841326,3
1633411860172,3
1633411860595,3
1633411860768,3
1633411867248,3
1633411877629,3
1633411894234,3
1633412088698,3
1633412461592,3
1633412639675,3
1633412928902,3
1633412947105,3
1633412947782,3
1633413542705,3
1633413543408,3
1633413755050,3
1633413914170,3
1633413918714,3
1633413938273,3
1633413941617,3
1633413945057,3
1633413951314,3
1633413978039,3
1633414539549,3
1633414545321,3
1633416603103,3
1633416921483,3
1633417130023,3
1633417823829,3
1633417848689,3
1633417863628,3
1633417867356,3
1633417867749,3
1633417868425,3
1633417871226,3
1633417875323,3
1633419884476,3
1633419948548,3
1633419968524,3
1633420085026,3
1633420781795,3
1633420801150,3
1633420869538,3
1633421323571,3
1633421629279,3
1633421798911,3
1633421853037,3
1633425258373,3
1633425724332,3
1633425735955,3
1633427700074,3
1633427721612,3
1633427889394,3
1633428167014,3
1633428687185,3
1633428703542,3
1633428712854,3
1633428725719,3
1633428728567,3
1633428748120,3
1633428762287,3
1633428926047,3
1633428928887,3
1633429981228,3
1633430630476,3
1633430634298,3
1633431059157,3
1633431068578,3
1633431072772,3
1633431084914,3
1633431743066,3
1633431760392,3
1633431778875,3
1633431954955,3
1633432166668,3
1633432202882,3
1633432214855,3
1633436926300,3
1633436947804,3
1633437494360,3
1633437673665,3
1633437678485,3
1633437688998,3
1633438072159,3
1633438636157,3
1633438833606,3
1633438835774,3
1633438844914,3
1633438851957,3
1633438853208,3
1633439163893,3
1633439508324,3
1633439551025,3
1633439714167,3
1633439767845,3
1633439786983,3
1633440791204,3
1633440804413,3
1633440818313,3
1633440825003,3
1633440827090,3
1633441994658,3
1633442015902,3
1633442019415,3
1633443234106,3
1633445577689,3
1633445604401,3
1633445609847,3
1633450595059,3
1633450642523,3
1633450644989,3
1633450655700,3
1633450657768,3
1633450661712,3
1633450666813,3
1633450669929,3
1633450674210,3
1633451715099,3
1633451727732,3
1633451744173,3
1633451747617,3
1633451764557,3
1633451784191,3
1633451999033,3
1633452041930,3
1633452261238,3
1633452290075,3
1633452454927,3
1633452665338,3
1633453780228,3
1633453792270,3
1633453968862,3
1633453993287,3
1633454017186,3
1633454492936,3
1633454649920,3
1633454667944,3
1633454895225,3
1633455616097,3
1633455634740,3
1633456503517,3
1633456600595,3
1633456691343,3
1633456693792,3
1633457016372,3
1633457049672,3
1633457066601,3
1633457070468,3
1633457698198,3
1633457715578,3
1633457988156,3
1633458153013,3
1633458196923,3
1633458730857,3
1633459515947,3
1633459679945,3
1633459795329,3
1633459798366,3
1633459799122,3
1633460337341,3
1633460347122,3
1633460353029,3
1633460389706,3
1633460389725,3
1633460777119,3
1633460788448,3
1633460925210,3
1633460941951,3
1633461912508,3
1633462396293,3
1633462737229,3
1633462737554,3
1633462889522,3
1633462897900,3
1633462902883,3
1633462920895,3
1633462936976,3
1633463097806,3
1633463103504,3
1633463126967,3
1633463479807,3
1633463494394,3
1633464321441,3
1633464344339,3
1633464702181,3
1633464798799,3
1633464834737,3
1633464844812,3
1633466201628,3
1633466406541,3
1633466412227,3
1633466422126,3
1633466425869,3
1633466856938,3
1633466864171,3
1633486658799,3
1633488279240,3
1633488299319,3
1633488304148,3
1633488651526,3
1633488844129,3
1633489374393,3
1633489427696,3
1633489442751,3
1633490187483,3
1633490198567,3
1633491576040,3
1633491622604,3
1633491774645,3
1633492126775,3
1633492621465,3
1633493034965,3
1633493267152,3
1633493400327,3
1633493403150,3
1633493442640,3
1633493468077,3
1633493580995,3
1633493586253,3
1633493587603,3
1633493589751,3
1633493604223,3
1633493612457,3
1633493621905,3
1633493639093,3
1633493657113,3
1633493662973,3
1633493665934,3
1633494301567,3
1633494337687,3
1633494342933,3
1633495553109,3
1633495565087,3
1633495569940,3
1633495922927,3
1633496058538,3
1633496190071,3
1633497387202,3
1633497616348,3
1633498199956,3
1633498203054,3
1633498542301,3
1633498562350,3
1633498803883,3
1633498917326,3
1633499655462,3
1633499656916,3
1633499776056,3
1633499873801,3
1633499932414,3
1633500349790,3
1633500362829,3
1633500374534,3
1633500379184,3
1633500397833,3
1633500581603,3
1633500588619,3
1633500604500,3
1633500615215,3
1633500621090,3
1633500624440,3
1633500974678,3
1633500989328,3
1633503994107,3
1633504037680,3
1633504182190,3
1633504195056,3
1633504219651,3
1633504219801,3
1633504582571,3
1633504591956,3
1633504609263,3
1633504612852,3
1633504617132,3
1633504626374,3
1633504632213,3
1633504963910,3
1633505168579,3
1633505795654,3
1633505795659,3
1633505863259,3
1633505874159,3
1633505885692,3
1633505891179,3
1633505905992,3
1633506116052,3
1633506181694,3
1633506195192,3
1633506202512,3
1633506700235,3
1633506705348,3
1633506772190,3
1633506775804,3
1633507855218,3
1633507859938,3
1633508114371,3
1633508372472,3
1633508399756,3
1633508786704,3
1633509079451,3
1633509206998,3
1633509219189,3
1633509234772,3
1633509236253,3
1633509240289,3
1633509587708,3
1633514100201,3
1633514115683,3
1633514120027,3
1633515042879,3
1633515055873,3
1633515401174,3
1633515441490,3
1633515498511,3
1633515540129,3
1633515727458,3
1633515873570,3
1633515890132,3
1633515998468,3
1633516006673,3
1633516195267,3
1633516209571,3
1633516368365,3
1633516567571,3
1633517073753,3
1633517842227,3
1633517997523,3
1633518002708,3
1633518012922,3
1633518156943,3
1633518198271,3
1633518203876,3
1633518215494,3
1633518215816,3
1633518231749,3
1633518440013,3
1633518460462,3
1633518632887,3
1633518634898,3
1633518683035,3
1633518847024,3
1633518888093,3
1633518891017,3
1633518922393,3
1633518949141,3
1633519245628,3
1633520090124,3
1633520090125,3
1633520622317,3
1633520631753,3
1633520692148,3
1633520705176,3
1633520711773,3
1633524152431,3
1633524298965,3
1633524298967,3
1633524298992,3
1633524306147,3
1633524307367,3
1633524307394,3
1633524310106,3
1633524362845,3
1633524367102,3
1633524401166,3
1633524402831,3
1633524432210,3
1633524439672,3
1633524766242,3
1633524770759,3
1633524786580,3
1633524925408,3
1633525362916,3
1633525604957,3
1633525958157,3
1633526088880,3
1633526299872,3
1633526760554,3
1633526967745,3
1633527075962,3
1633527087648,3
1633527099166,3
1633527113981,3
1633527122831,3
1633527132544,3
1633527137342,3
1633527143752,3
1633527444229,3
1633527450208,3
1633570132361,3
1633570151472,3
1633570165905,3
1633570319352,3
1633570337734,3
1633570344422,3
1633570352029,3
1633570371396,3
1633570387373,3
1633570400434,3
1633571991011,3
1633572009514,3
1633572031019,3
1633572563295,3
1633572654385,3
1633572670103,3
1633572997641,3
1633573659853,3
1633573807877,3
1633573859451,3
1633574644515,3
1633574677316,3
1633574677321,3
1633574811500,3
1633574973679,3
1633575011671,3
1633575145830,3
1633575157860,3
1633575178234,3
1633575285875,3
1633575306851,3
1633576057780,3
1633576068534,3
1633576077825,3
1633576342154,3
1633576519246,3
1633576528571,3
1633576533342,3
1633576535378,3
1633576548369,3
1633576548372,3
1633576569835,3
1633576599352,3
1633576609536,3
1633577170914,3
1633577441146,3
1633577447865,3
1633577596937,3
1633577841918,3
1633578240639,3
1633578330535,3
1633578373856,3
1633578446737,3
1633578624487,3
1633578624520,3
1633578813182,3
1633579057762,3
1633579249575,3
1633579372901,3
1633579387116,3
1633579390893,3
1633579394054,3
1633579746223,3
1633650231378,3
1633650232875,3
1633650236777,3
1633650256749,3
1633650265444,3
1633650266927,3
1633668718741,3
1633668737620,3
1633668747594,3
1633668758107,3
1633668771092,3
1633668796723,3
1633668890633,3
1633669456209,3
1633669541703,3
1633669594787,3
1633669811988,3
1633670403846,3
1633670433685,3
1633670500201,3
1633670672725,3
1633671563883,3
1633671574525,3
1633671576066,3
1633671596210,3
1633671708700,3
1633671715888,3
1633671717927,3
1633671722200,3
1633671741804,3
1633671767360,3
1633672524826,3
1633672545023,3
1633672550480,3
1633672572957,3
1633672595220,3
1633672765629,3
1633672934246,3
1633673038692,3
1633673666776,3
1633673976221,3
1633674751049,3
1633674780948,3
1633674869490,3
1633674902758,3
1633674924501,3
1633687858790,3
1633687859854,3
1633737541392,3
1633737574216,3
1633737594774,3
1633737609288,3
1633739494517,3
1633739522167,3
1633739858011,3
1633739877451,3
1633740261318,3
1633740319334,3
1633740335467,3
1633740343327,3
1633740471172,3
1633740489021,3
1633740504280,3
1633740519992,3
1633741055465,3
1633741211268,3
1633741292685,3
1633741382241,3
1633741409651,3
1633741499911,3
1633741660194,3
1633741754452,3
1633741796269,3
1633742274144,3
1633742285408,3
1633742326095,3
1633742688016,3
1633742692686,3
1633743129755,3
1633743156409,3
1633743168353,3
1633743569957,3
1633743663117,3
1633743922269,3
1633744085533,3
1633744088261,3
1633744089608,3
1633744112984,3
1633744268206,3
1633744303760,3
1633744304426,3
1633744320841,3
1633744344986,1
1633745044025,1
1633745051527,1
1633745117900,1
1633747099010,1
1633747111927,1
1633747158349,1
1633747165301,1
1633747167907,1
1633747382530,1
1633747398986,1
1633747889105,1
1633748318889,1
1633748337690,1
1633749706099,1
1633750106126,1
1633750119003,1
1633750136126,1
1633750448086,1
1633750468736,1
1633751408472,1
1633751408713,1
1633752539283,1
1633752977482,1
1633753141406,1
1633753146394,1
1633753153728,1
1633753162572,1
1633753305733,1
1633753313861,1
1633753327889,1
1633753329330,1
1633753338342,1
1633753338622,1
1633753348069,1
1633753434903,1
1633753480729,1
1633753481961,1
1633753875353,1
1633753892064,1
1633753899637,1
1633754171435,1
1633754207143,1
1633754209508,1
1633754211050,1
1633754218298,1
1633754223797,1
1633754231820,1
1633754278444,1
1633754321656,1
1633755170659,1
1633755186364,1
1633755212649,1
1633755220897,1
1633755229226,1
1633755234565,1
1633755296843,1
1633755967606,1
1633756013875,1
1633756116445,1
1633756148906,1
1633756161993,1
1633756408499,1
1633756420698,1
1633756510168,1
1633756513868,1
1633756649927,1
1633758754007,1
1633758802360,1
1633758828048,1
1633758848278,1
1633760533902,1
1633760738679,1
1633760853298,1
1633760935579,1
1633761113144,1
1633762794934,1
1633763567402,1
1633763590838,1
1633763594858,1
1633763600209,1
1633763983181,1
1633764127668,1
1633764183028,1
1633764194922,1
1633764197563,1
1633764762171,1
1633765020680,1
1633765246570,1
1633765249120,1
1633765305366,1
1633765636618,1
1633765662577,1
1633765767858,1
1633765830418,1
1633765841668,1
1633765848616,1
1633765862723,1
1633765920882,1
1633765972628,1
1633765974985,1
1633765984159,1
1633765996104,1
1633768143126,1
1633768179258,1
1633768184818,1
1633768301886,1
1633768306460,1
1633768349782,1
1633768540501,1
1633768549382,1
1633768861001,1
1633768973719,1
1633769004198,1
1633769208092,1
1633769390391,1
1633769392840,1
1633769685523,1
1633769772643,1
1633769808738,1
1633769853075,1
1633769854447,1
1633770163667,1
1633770164260,1
1633772318649,1
1633773087170,1
1633773577112,1
1633773782798,1
1633773877720,1
1633773903358,1
1633774217862,1
1633774240145,1
1633774243307,1
1633774691849,1
1633774758866,1
1633774794304,1
1633774799027,1
1633774808264,1
1633774928152,1
1633774946328,1
1633775131802,1
1633775306002,1
1633775444974,1
1633775695523,1
1633775698671,1
1633775932321,1
1633775988030,1
1633776119488,1
1633776164030,1
1633776177600,1
1633776250141,1
1633776268578,1
1633776277834,1
1633778340706,1
1633778350749,1
1633778351191,1
1633778353428,1
1633778398083,1
1633778613903,1
1633778684111,1
1633778691082,1
1633778905151,1
1633778905181,1
1633779472746,1
1633779703292,1
1633779848295,1
1633779852454,1
1633779860804,1
1633779866085,1
1633779868050,1
1633780252285,1
1633780270555,1
1633784417959,1
1633784524424,1
1633784555206,1
1633785171082,1
1633785266160,1
1633785281162,1
1633786639508,1
1633786911989,1
1633786942800,1
1633787048422,1
1633787072035,1
1633787118690,1
1633787260037,1
1633787260442,1
1633788839722,1
1633788864877,1
1633788869436,1
1633789818181,1
1633789990446,1
1633791641936,1
1633791842611,1
1633791850692,1
1633793334344,1
1633793462889,1
1633793471690,1
1633793474178,1
1633793495780,1
1633793796239,1
1633793908800,1
1633794014218,1
1633794030419,1
1633794180437,1
1633794305394,1
1633794499594,1
1633795086082,1
1633797616156,1
1633797675728,1
1633797836999,1
1633798199983,1
1633798204941,1
1633798209931,1
1633798226723,1
1633798243980,1
1633798393612,1
1633798765401,1
1633798775947,1
1633798785462,1
1633799206856,1
1633799389935,1
1633799590101,1
1633799639874,1
1633800184670,1
1633800220655,1
1633800223631,1
1633803482107,1
1633807824145,1
1633809938966,1
1633809948793,1
1633809956653,1
1633809960590,1
1633809965145,1
1633810548866,1
1633810551175,1
1633810557266,1
1633810607119,1
1633810617704,1
1633810623105,1
1633811123491,1
1633811409031,1
1633811609232,1
1633812266395,1
1633812699572,1
1633813225248,1
1633813230709,1
1633814136404,1
1633814299741,1
1633814334485,1
1633814349642,1
1633814352840,1
1633814355241,1
1633814357460,1
1633815160262,1
1633815182104,1
1633820114599,1
1633820117966,1
1633820122735,1
1633820147363,1
1633820521303,1
1633820528337,1
1633820905841,1
1633820964978,1
1633820986826,1
1633821364114,1
1633821557153,1
1633821726614,1
1633822042210,1
1633822090710,1
1633822187083,1
1633822246559,1
1633822247650,1
1633822302166,1
1633822317350,1
1633822329468,1
1633822520114,1
1633822548794,1
1633830617795,1
1633830662582,1
1633830834879,1
1633830860321,1
1633830970389,1
1633831019274,1
1633831021514,1
1633831184079,1
1633831529690,1
1633831582242,1
1633831661088,1
1633831697312,1
1633831898127,1
1633832095945,1
1633832106949,1
1633832131883,1
1633832137139,1
1633832170858,1
1633832635541,1
1633832636167,1
1633832637783,1
1633832648138,1
1633832668903,1
1633833571809,1
1633833784408,1
1633833799803,1
1633833804096,1
1633833810640,1
1633834347628,1
1633834447548,1
1633834484821,1
1633834487146,1
1633834499889,1
1633834630166,1
1633835048859,1
1633835059774,1
1633835145870,1
1633835554364,1
1633835584442,1
1633835595212,1
1633836240824,1
1633836244639,1
1633836254720,1
1633836276679,1
1633836276686,1
1633836279027,1
1633836279740,1
1633836292917,1
1633836448045,1
1633836448878,1
1633836693707,1
1633836763888,1
1633836803068,1
1633836818221,1
1633836826459,1
1633836836443,1
1633836846378,1
1633836854125,1
1633836854977,1
1633836861457,1
1633836874583,1
1633836908481,1
1633836911936,1
1633836966164,1
1633837006060,1
1633837033765,1
1633837060084,1
1633837119418,1
1633837134818,1
1633837156376,1
1633837224887,1
1633837247361,1
1633837827898,1
1633837836501,1
1633837899713,1
1633837941339,1
1633837952432,1
1633837957122,1
1633837965697,1
1633838144517,1
1633838147738,1
1633838149017,1
1633838441952,1
1633838848008,1
1633838947562,1
1633838979401,1
1633838991418,1
1633840907342,1
1633841047423,1
1633841050321,1
1633841053611,1
1633841064819,1
1633841090798,1
1633841095182,1
1633841099246,1
1633841699921,1
1633841874600,1
1633841875961,1
1633841893330,1
1633841897643,1
1633842043898,1
1633842046564,1
1633842204002,1
1633842441911,1
1633842446497,1
1633842467750,1
1633842608888,1
1633842931049,1
1633843154202,1
1633843199123,1
1633843471886,1
1633843483198,1
1633843497226,1
1633843497605,1
1633843503226,1
1633843505920,1
1633843557659,1
1633843563321,1
1633843595620,1
1633843608840,1
1633843615922,1
1633843626957,1
1633843640140,1
1633843672918,1
1633843688180,1
1633843706866,1
1633843735679,1
1633843755066,1
1633843761030,1
1633843765546,1
1633843768720,1
1633843786300,1
1633843788439,1
1633843794506,1
1633843807650,1
1633843809784,1
1633843827245,1
1633843842481,1
1633843879257,1
1633843881682,1
1633843921736,1
1633843962407,1
1633843983726,1
1633844264727,1
1633844314017,1
1633844316457,1
1633844322098,1
1633844341377,1
1633844350344,1
1633844501277,1
1633844509139,1
1633844512698,1
1633844561449,1
1633844573500,1
1633844622301,1
1633845097891,1
1633845202357,1
1633845226717,1
1633845505651,1
1633845526437,1
1633845684792,1
1633845716441,1
1633845746413,1
1633846119180,1
1633846135338,1
1633846153903,1
1633846244634,1
1633846868018,1
1633846880095,1
1633847629063,1
1633847649390,1
1633848290297,1
1633848411325,1
1633848426600,1
1633848590767,1
1633848682297,1
1633848688886,1
1633848700013,1
1633849005362,1
1633849007208,1
1633849177932,1
1633849270439,1
1633849304094,1
1633849499834,1
1633849540361,1
1633849831111,1
1633849844127,1
1633849855865,1
1633849864092,1
1633849873775,1
1633849880092,1
1633849896387,1
1633850885212,1
1633850886717,1
1633850911375,1
1633851077758,1
1633851107855,1
1633851120938,1
1633851137192,1
1633851144618,1
1633851166086,1
1633851177467,1
1633851201604,1
1633851230762,1
1633851255330,1
1633851274502,1
1633851303467,1
1633851331159,1
1633851348661,1
1633851377172,1
1633851516328,1
1633851818385,1
1633851845670,1
1633851848868,1
1633851849330,1
1633851852539,1
1633852020094,1
1633852056557,1
1633852170697,1
1633852177230,1
1633852185355,1
1633852543731,1
1633852767034,1
1633853016863,1
1633853236760,1
1633853237901,1
1633853274111,1
1633853294134,1
1633853297311,1
1633853299778,1
1633853799405,1
1633853805097,1
1633853820515,1
1633853829602,1
1633853836075,1
1633908084732,1
1633908110849,1
1633908485883,1
1633908496041,1
1633908499996,1
1633908519691,1
1633909440608,1
1633909451731,1
1633909463700,1
1633909473991,1
1633909478017,1
1633910494216,1
1633910689902,1
1633910710534,1
1633911188269,1
1633911272931,1
1633911371041,1
1633911372064,1
1633911390498,1
1633911457106,1
1633911475885,1
1633911601671,1
1633911688635,1
1633912163082,1
1633912175377,1
1633912180189,1
1633912224801,1
1633912344204,1
1633912352892,1
1633912561155,1
1633912600156,1
1633912603898,1
1633912987630,1
1633912990250,1
1633913018649,1
1633913030959,1
1633913039823,1
1633913040970,1
1633913055109,1
1633913067487,1
1633913094462,1
1633913123960,1
1633913155922,1
1633913155929,1
1633913170624,1
1633913177468,1
1633913205603,1
1633913220447,1
1633913253921,1
1633913257389,1
1633913291387,1
1633913342326,1
1633913344220,1
1633913446101,1
1633914275709,1
1633914338318,1
1633915071688,1
1633915135168,1
1633915237810,1
1633915260472,1
1633915452838,1
1633915717721,1
1633915893222,1
1633916506614,1
1633916524673,1
1633916532690,1
1633916918276,1
1633916947942,1
1633916967962,1
1633921016391,1
1633921043722,1
1633921066390,1
1633921944227,1
1633922105661,1
1633922116823,1
1633922117729,1
1633922154771,1
1633922282714,1
1633922296948,1
